<?xml version="1.0" encoding="ISO-8859-1"?>
<!DOCTYPE article PUBLIC "-//NLM//DTD Journal Publishing DTD v3.0 20080202//EN" "journalpublishing3.dtd">
<article article-type="rapid-communication" xmlns:mml="http://www.w3.org/1998/Math/MathML" xmlns:xlink="http://www.w3.org/1999/xlink">
<front>
<journal-meta>
<journal-id journal-id-type="publisher-id">epl</journal-id>
<journal-id journal-id-type="coden">EULEEJ</journal-id>
<journal-title-group>
<journal-title>Europhysics Letters</journal-title>
<abbrev-journal-title abbrev-type="IOP">EPL</abbrev-journal-title>
<abbrev-journal-title abbrev-type="publisher">EPL</abbrev-journal-title>
</journal-title-group>
<issn pub-type="ppub">0295-5075</issn>
<issn pub-type="epub">1286-4854</issn>
<publisher>
<publisher-name>EDP Sciences, IOP Publishing and Societ&agrave; Italiana di Fisica</publisher-name>
</publisher>
</journal-meta>
<article-meta>
<article-id pub-id-type="publisher-id">epl17025</article-id>
<article-id pub-id-type="doi">10.1209/0295-5075/110/10009</article-id>
<article-id pub-id-type="manuscript">17025</article-id>
<article-categories>
<subj-group subj-group-type="article-type">
<subject>Letter</subject>
</subj-group>
<subj-group subj-group-type="section">
<subject>00 General</subject>
</subj-group>
</article-categories>
<title-group>
<article-title>Artificial gauge field induced cyclotron dynamics of ultra-cold atoms in optical lattices</article-title>
<alt-title alt-title-type="ascii">Artificial gauge field induced cyclotron dynamics of ultra-cold atoms in optical lattices</alt-title>
<alt-title alt-title-type="short">Artificial gauge field induced cyclotron dynamics etc.</alt-title>
<alt-title alt-title-type="short-ascii">Artificial gauge field induced cyclotron dynamics etc.</alt-title>
</title-group>
<contrib-group content-type="all">
<contrib contrib-type="author">
<name><surname>Zhang</surname><given-names>Ai-Xia</given-names></name>
<xref ref-type="aff" rid="epl17025af1"/>
</contrib>
<contrib contrib-type="author">
<name><surname>Xue</surname><given-names>Ju-Kui</given-names></name>
<xref ref-type="aff" rid="epl17025af1"/>
</contrib>
<aff id="epl17025af1">Key Laboratory of Atomic &amp; Molecular Physics and Functional Materials of Gansu Province, College of Physics and Electronics Engineering, <institution>Northwest Normal University</institution> - Lanzhou 730070, <country>PRC</country></aff>
<author-comment content-type="short-author-list"><p>Ai-Xia Zhang and Ju-Kui Xue</p>
</author-comment>
</contrib-group>
<pub-date pub-type="ppub"><month>4</month><year>2015</year></pub-date>
<pub-date pub-type="epub"><day>27</day><month>4</month><year>2015</year></pub-date>
<volume>110</volume>
<issue>1</issue>
<elocation-id content-type="artnum">10009</elocation-id>
<history>
<date date-type="received"><day>16</day><month>10</month><year>2014</year></date>
<date date-type="accepted"><day>3</day><month>4</month><year>2015</year></date>
</history>
<permissions>
<copyright-statement>Copyright &copy; EPLA, 2015</copyright-statement>
<copyright-year>2015</copyright-year>
</permissions>
<self-uri xlink:href="http://stacks.iop.org/EPL/110/10009"/>
<abstract>
<title>Abstract</title>
<p>We theoretically study the cyclotron dynamics of ultra-cold atoms in optical lattices exposed to an artificial magnetic field. The cyclotron orbit and its stability are discussed both analytically and numerically. We find that the cyclotron dynamics of atoms in optical lattices can be manipulated by adjusting the strength of the magnetic field. Atoms can be coherently localized in its initial position, or can be trapped in <italic>a priori</italic> prescribed orbit doing coherent cyclotron motion, or can be decoherently diffused with time. The stability of the orbit and the coherence of the system present asymmetric characters. Our results provide a direct theoretical evidence for the cyclotron dynamics of neutral atoms in the artificial magnetic field.</p>
</abstract>
<kwd-group kwd-group-type="author-pacs">
<kwd>03.75.Lm</kwd>
<kwd>03.75.Mn</kwd>
<kwd>05.45.Yv</kwd>
</kwd-group>
<counts>
<page-count count="6"/>
</counts>
<custom-meta-group>
<custom-meta>
<meta-name>ccc</meta-name>
<meta-value></meta-value>
</custom-meta>
<custom-meta><meta-name>printed</meta-name>
<meta-value>Printed in France</meta-value>
</custom-meta>
</custom-meta-group>
</article-meta>
</front>
<body>
<sec id="epl17025s1">
<title>Introduction</title>
<p>In recent years, ultra-cold atoms in optical lattices have attracted much attention both experimentally and theoretically. This is partly because the lattice parameters and interaction strength in such a system can be manipulated at will using modern experimental techniques. Taking advantage of this, researchers have made many theoretical efforts to study the controllable coherent-decoherent transitions&nbsp;[<xref ref-type="bibr" rid="epl17025bib1">1</xref>&ndash;<xref ref-type="bibr" rid="epl17025bib4">4</xref>] and complex nonlinear phenomena&nbsp;[<xref ref-type="bibr" rid="epl17025bib5">5</xref>&ndash;<xref ref-type="bibr" rid="epl17025bib9">9</xref>] in ultra-cold atoms, including localization and self-trapping&nbsp;[<xref ref-type="bibr" rid="epl17025bib10">10</xref>&ndash;<xref ref-type="bibr" rid="epl17025bib14">14</xref>]. Among these findings, the controllable transportation of atoms in optical lattices is of most interest&nbsp;[<xref ref-type="bibr" rid="epl17025bib15">15</xref>]. Investigations have shown that the control of atoms transportation in optical lattices depends mainly on the external driving fields&nbsp;[<xref ref-type="bibr" rid="epl17025bib16">16</xref>]. Here, we study the cyclotron dynamics of ultra-cold atoms in optical lattices exposed to an artificial magnetic field, and demonstrate that the matter waves of the system can be coherently manipulated by the artificial magnetic field.</p>
<p>Recently, the realization of artificial magnetic field for neutral bosonic atoms based on the Berry phase effect&nbsp;[<xref ref-type="bibr" rid="epl17025bib17">17</xref>] has attracted great interests&nbsp;[<xref ref-type="bibr" rid="epl17025bib18">18</xref>&ndash;<xref ref-type="bibr" rid="epl17025bib21">21</xref>]. This artificial magnetic field is produced through an all-optical Raman process, and the magnetic field generated in such a setup can result in interesting phenomena, such as the creation of vortices&nbsp;[<xref ref-type="bibr" rid="epl17025bib19">19</xref>], the oscillations of atomic clouds&nbsp;[<xref ref-type="bibr" rid="epl17025bib22">22</xref>] and the coherent transportation of atoms&nbsp;[<xref ref-type="bibr" rid="epl17025bib23">23</xref>&ndash;<xref ref-type="bibr" rid="epl17025bib27">27</xref>]. The creation of vortices without rotating the atomic cloud proves the existence of the artificial magnetic field. Particularly, the quantum cyclotron dynamics of a single atom restricted to a four-site plaquette have been observed in recent experiments&nbsp;[<xref ref-type="bibr" rid="epl17025bib28">28</xref>,<xref ref-type="bibr" rid="epl17025bib29">29</xref>]. The observed cyclotron motion of neutral atom in optical lattices is also a direct evidence for the existence of the artificial magnetic field. It is especially important for the coherent manipulation of atoms transportation in optical lattices. Therefore, theoretical understanding of the cyclotron dynamics of neutral atoms in optical lattices exposed to an artificial magnetic field would be an interesting issue.</p>
<p>In this paper, we address this issue both analytically and numerically focusing on the cyclotron dynamics of atoms in optical lattices exposed to an artificial magnetic field. The cyclotron orbit and its stability are discussed both analytically and numerically. We find that, the system undergoes a cyclotron motion-to-localization-to-diffusion transition as the strength of the artificial magnetic field varies. This dynamical transition depends significantly on the stability of the cyclotron orbit, which is also determined by the artificial magnetic field. Thereby, the cyclotron dynamics of atoms can be manipulated by adjusting the artificial magnetic field. Atoms can be coherently localized in its initial position, or can be trapped in <italic>a priori</italic> prescribed orbit doing coherent cyclotron motion, or can be decoherently diffused with time. The stability of the orbit and the coherence of the system present asymmetric characters.</p>
</sec>
<sec id="epl17025s2">
<title>Model</title>
<p>We focus on the influence of a uniform artificial magnetic field on the dynamics of ultra-cold atoms in a two-dimensional lattice. When the depth of the lattice is deep enough, the atoms should be confined within the lowest band, then we can work in the tight-binding limit&nbsp;[<xref ref-type="bibr" rid="epl17025bib12">12</xref>]. In this limit, the system at zero temperature is described by the following Hamiltonian&nbsp;[<xref ref-type="bibr" rid="epl17025bib30">30</xref>,<xref ref-type="bibr" rid="epl17025bib31">31</xref>]:
<disp-formula id="epl17025eqn1">
<label>1</label><tex-math><?CDATA \begin{equation}
H=-\sum_{\langle i,j\rangle}J_{ij}e^{i\theta_{ij}}\hat{a}_{i}^{\dag}\hat{a}_{j}+\frac{U}{2}\sum_{i}\hat{n}_{i}(\hat{n}_{i}-1),
\end{equation} ?></tex-math>
<graphic xmlns:xlink="http://www.w3.org/1999/xlink" xlink:href="epl17025eqn1.gif"/>
</disp-formula>
where <inline-formula id="epl17025ieqn1"><tex-math><?CDATA $\hat{a}_{i}^{\dag}$ ?></tex-math>
<inline-graphic xmlns:xlink="http://www.w3.org/1999/xlink" xlink:href="epl17025ieqn1.gif"/>
</inline-formula> and <inline-formula id="epl17025ieqn2"><tex-math><?CDATA $\hat{a}_{i}$ ?></tex-math>
<inline-graphic xmlns:xlink="http://www.w3.org/1999/xlink" xlink:href="epl17025ieqn2.gif"/>
</inline-formula> are the creation and annihilation operators for a boson at lattice site <italic>i</italic>, respectively, and <inline-formula id="epl17025ieqn3"><tex-math><?CDATA $\hat{n}_{i}=\hat{a}_{i}^{\dag}\hat{a}_{i}$ ?></tex-math>
<inline-graphic xmlns:xlink="http://www.w3.org/1999/xlink" xlink:href="epl17025ieqn3.gif"/>
</inline-formula> denotes the number operator for site <italic>i</italic>. <italic>J</italic><sub><italic>ij</italic></sub> represents hopping from the <italic>i</italic>-th to the <italic>j</italic>-th site and <inline-formula id="epl17025ieqn4"><tex-math><?CDATA $\langle i,j\rangle$ ?></tex-math>
<inline-graphic xmlns:xlink="http://www.w3.org/1999/xlink" xlink:href="epl17025ieqn4.gif"/>
</inline-formula> indicates the nearest neighbours <italic>j</italic> of the <italic>i</italic>-th site, <inline-formula id="epl17025ieqn5"><tex-math><?CDATA $J_{ij}=J$ ?></tex-math>
<inline-graphic xmlns:xlink="http://www.w3.org/1999/xlink" xlink:href="epl17025ieqn5.gif"/>
</inline-formula> for <italic>i</italic> and <italic>j</italic> nearest neighbours and 0 otherwise. Hopping to more distant sites is neglected because of its negligible importance compared to the on-site energy fluctuations&nbsp;[<xref ref-type="bibr" rid="epl17025bib32">32</xref>,<xref ref-type="bibr" rid="epl17025bib33">33</xref>]. <italic>U</italic> is the strength of the on-site boson-boson repulsive interaction. The phase factor <inline-formula id="epl17025ieqn6"><tex-math><?CDATA $\theta_{ij}=\frac{1}{\phi_{0}}\int^{r_{j}}_{r_{i}}\mathbf{A}(\mathbf{r})\cdot
\mathrm{d}\mathbf{r}$ ?></tex-math>
<inline-graphic xmlns:xlink="http://www.w3.org/1999/xlink" xlink:href="epl17025ieqn6.gif"/>
</inline-formula>, where <inline-formula id="epl17025ieqn7"><tex-math><?CDATA $\phi_{0}$ ?></tex-math>
<inline-graphic xmlns:xlink="http://www.w3.org/1999/xlink" xlink:href="epl17025ieqn7.gif"/>
</inline-formula> is the flux quantum and <inline-formula id="epl17025ieqn8"><tex-math><?CDATA $\mathbf{A}(\mathbf{r})$ ?></tex-math>
<inline-graphic xmlns:xlink="http://www.w3.org/1999/xlink" xlink:href="epl17025ieqn8.gif"/>
</inline-formula> is the vector potential corresponding to the effect of the uniform artificial magnetic field applied perpendicular to the lattice. The integral is taken along a straight line joining neighboring sites. Now we choose the Landau gauge for the vector potential <inline-formula id="epl17025ieqn9"><tex-math><?CDATA $\mathbf{A}(\mathbf{r})=(0,Bx,0)$ ?></tex-math>
<inline-graphic xmlns:xlink="http://www.w3.org/1999/xlink" xlink:href="epl17025ieqn9.gif"/>
</inline-formula>, which leads to a uniform magnetic field <inline-formula id="epl17025ieqn10"><tex-math><?CDATA $\mathbf{B}=B\mathbf{e}_{z}$ ?></tex-math>
<inline-graphic xmlns:xlink="http://www.w3.org/1999/xlink" xlink:href="epl17025ieqn10.gif"/>
</inline-formula>. The strength of the magnetic field <italic>B</italic> is related to the magnetic flux <inline-formula id="epl17025ieqn11"><tex-math><?CDATA $\Phi=Bd^{2}$ ?></tex-math>
<inline-graphic xmlns:xlink="http://www.w3.org/1999/xlink" xlink:href="epl17025ieqn11.gif"/>
</inline-formula> (<italic>d</italic> is the lattice period). Denoting the coordinates of lattice sites by <inline-formula id="epl17025ieqn12"><tex-math><?CDATA $i\equiv(x=nd,y=md)$ ?></tex-math>
<inline-graphic xmlns:xlink="http://www.w3.org/1999/xlink" xlink:href="epl17025ieqn12.gif"/>
</inline-formula>, where <inline-formula id="epl17025ieqn13"><tex-math><?CDATA $(n)$ ?></tex-math>
<inline-graphic xmlns:xlink="http://www.w3.org/1999/xlink" xlink:href="epl17025ieqn13.gif"/>
</inline-formula> and <inline-formula id="epl17025ieqn14"><tex-math><?CDATA $(m)$ ?></tex-math>
<inline-graphic xmlns:xlink="http://www.w3.org/1999/xlink" xlink:href="epl17025ieqn14.gif"/>
</inline-formula> are integers. This gauge field leads to the following phase factors: <inline-formula id="epl17025ieqn15"><tex-math><?CDATA $\theta_{ij}=0$ ?></tex-math>
<inline-graphic xmlns:xlink="http://www.w3.org/1999/xlink" xlink:href="epl17025ieqn15.gif"/>
</inline-formula> for hoppings along the <italic>x</italic>-direction, <italic>i.e.</italic>, between <inline-formula id="epl17025ieqn16"><tex-math><?CDATA $(n,m)$ ?></tex-math>
<inline-graphic xmlns:xlink="http://www.w3.org/1999/xlink" xlink:href="epl17025ieqn16.gif"/>
</inline-formula> and <inline-formula id="epl17025ieqn17"><tex-math><?CDATA $(n\pm1,m)$ ?></tex-math>
<inline-graphic xmlns:xlink="http://www.w3.org/1999/xlink" xlink:href="epl17025ieqn17.gif"/>
</inline-formula>; and <inline-formula id="epl17025ieqn18"><tex-math><?CDATA $\theta_{ij}=\pm2\pi\phi n$ ?></tex-math>
<inline-graphic xmlns:xlink="http://www.w3.org/1999/xlink" xlink:href="epl17025ieqn18.gif"/>
</inline-formula> for hoppings along the <italic>y</italic>-direction, <italic>i.e.</italic>, between <inline-formula id="epl17025ieqn19"><tex-math><?CDATA $(n,m)$ ?></tex-math>
<inline-graphic xmlns:xlink="http://www.w3.org/1999/xlink" xlink:href="epl17025ieqn19.gif"/>
</inline-formula> and <inline-formula id="epl17025ieqn20"><tex-math><?CDATA $(n,m\pm1)$ ?></tex-math>
<inline-graphic xmlns:xlink="http://www.w3.org/1999/xlink" xlink:href="epl17025ieqn20.gif"/>
</inline-formula>, where <inline-formula id="epl17025ieqn21"><tex-math><?CDATA $\phi=\frac{\Phi}{\phi_{0}}$ ?></tex-math>
<inline-graphic xmlns:xlink="http://www.w3.org/1999/xlink" xlink:href="epl17025ieqn21.gif"/>
</inline-formula>. Choosing a different gauge field leads to different phase factors <inline-formula id="epl17025ieqn22"><tex-math><?CDATA $\theta_{ij}$ ?></tex-math>
<inline-graphic xmlns:xlink="http://www.w3.org/1999/xlink" xlink:href="epl17025ieqn22.gif"/>
</inline-formula>, but the phase accumulated on a close circuit around an elementary cell of the lattice is gauge invariant, <italic>i.e.</italic>, <inline-formula id="epl17025ieqn23"><tex-math><?CDATA $\sum\theta_{ij}=2\pi\phi$ ?></tex-math>
<inline-graphic xmlns:xlink="http://www.w3.org/1999/xlink" xlink:href="epl17025ieqn23.gif"/>
</inline-formula>. Then, the Hamiltonian&nbsp;(<xref ref-type="disp-formula" rid="epl17025eqn1">1</xref>) can be written as&nbsp;[<xref ref-type="bibr" rid="epl17025bib23">23</xref>&ndash;<xref ref-type="bibr" rid="epl17025bib25">25</xref>,<xref ref-type="bibr" rid="epl17025bib27">27</xref>,<xref ref-type="bibr" rid="epl17025bib29">29</xref>,<xref ref-type="bibr" rid="epl17025bib34">34</xref>,<xref ref-type="bibr" rid="epl17025bib35">35</xref>]
<disp-formula id="epl17025eqn2">
<label>2</label><tex-math><?CDATA \begin{eqnarray}
H&=-J\sum_{n,m}\left(\hat{a}_{n,m}^{\dag}\hat{a}_{n+1,m}+e^{i\varphi n}\hat{a}_{n,m}^{\dag}\hat{a}_{n,m+1}+\text{H.c.}\right) \nonumber \\
&\quad+\, \frac{U}{2}\sum_{n,m}(\hat{a}_{n,m}^{\dag}\hat{a}_{n,m}-1)\hat{a}_{n,m}^{\dag}\hat{a}_{n,m},
\end{eqnarray} ?></tex-math>
<graphic xmlns:xlink="http://www.w3.org/1999/xlink" xlink:href="epl17025eqn2.gif"/>
</disp-formula>
where <inline-formula id="epl17025ieqn24"><tex-math><?CDATA $\varphi=2\pi\Phi/\phi_{0}$ ?></tex-math>
<inline-graphic xmlns:xlink="http://www.w3.org/1999/xlink" xlink:href="epl17025ieqn24.gif"/>
</inline-formula> can be understood in terms of the Aharanov-Bohm phase accumulated along one lattice plaquette. The hopping term along the <italic>y</italic>-direction gets a phase shift due to the presence of the magnetic field. Considering weak atomic interaction and using the mean-field approximation <inline-formula id="epl17025ieqn25"><tex-math><?CDATA $a_{n,m}\equiv\langle \hat{a}_{n,m}\rangle =z_{n,m}$ ?></tex-math>
<inline-graphic xmlns:xlink="http://www.w3.org/1999/xlink" xlink:href="epl17025ieqn25.gif"/>
</inline-formula>, a discrete mean-field equation of motion is generated as <inline-formula id="epl17025ieqn26"><tex-math><?CDATA ${\overset{\cdot}{z}_{n,m}=\partial H^{MF}/\partial(iz^{\ast}_{n,m})}$ ?></tex-math>
<inline-graphic xmlns:xlink="http://www.w3.org/1999/xlink" xlink:href="epl17025ieqn26.gif"/>
</inline-formula>, with
<disp-formula id="epl17025eqn3">
<label>3</label><tex-math><?CDATA \begin{eqnarray}
H^{MF}&=\sum_{n,m}-(z _{n,m}^{\ast }z_{n+1,m}+e^{i\varphi n}z
_{n,m}^{\ast }z_{n,m+1}+\text{H.c.}) \notag \\
&\quad+\, \frac{U}{2J}\sum_{n,m}|z _{n,m}|^{4},\end{eqnarray} ?></tex-math>
<graphic xmlns:xlink="http://www.w3.org/1999/xlink" xlink:href="epl17025eqn3.gif"/>
</disp-formula>
where the time has been rescaled as <inline-formula id="epl17025ieqn27"><tex-math><?CDATA $t\rightarrow Jt/\hbar$ ?></tex-math>
<inline-graphic xmlns:xlink="http://www.w3.org/1999/xlink" xlink:href="epl17025ieqn27.gif"/>
</inline-formula>.</p>
</sec>
<sec id="epl17025s3">
<title>Variational approach of the cyclotron orbit</title>
<p>To obtain the cyclotron orbit of atoms induced by the artificial magnetic field, firstly we study the dynamics of the center of the mass of noninteracting atoms (<italic>i.e.</italic>, with <inline-formula id="epl17025ieqn28"><tex-math><?CDATA $U/J=0$ ?></tex-math>
<inline-graphic xmlns:xlink="http://www.w3.org/1999/xlink" xlink:href="epl17025ieqn28.gif"/>
</inline-formula>, which can be manipulated by the Feshbach technique). The effect of the atomic interaction will be discussed later. We consider the evolution of a Gaussian profile wave packet parameterized as <inline-formula id="epl17025ieqn29"><tex-math><?CDATA $z _{n,m}(t)=\sqrt{\frac{2}{\pi R_{x0}R_{y0}}}\exp \{-\frac{(n-\xi _{x})^{2}}{R_{x0}^{2}}-\frac{(m-\xi_{y})^{2}}{R_{y0}^{2}}+i[p_{x}(n-\xi _{x})+p_{y}(m-\xi _{y})]\}$ ?></tex-math>
<inline-graphic xmlns:xlink="http://www.w3.org/1999/xlink" xlink:href="epl17025ieqn29.gif"/>
</inline-formula>. Here, we focus on the dynamics of the wave packet center, the dynamics of wave packet width are not taken into account, so the width of the wave packet along both the <italic>x</italic> and <italic>y</italic> directions remain their initial values. <inline-formula id="epl17025ieqn30"><tex-math><?CDATA $\xi _{x}(t)$ ?></tex-math>
<inline-graphic xmlns:xlink="http://www.w3.org/1999/xlink" xlink:href="epl17025ieqn30.gif"/>
</inline-formula> and <inline-formula id="epl17025ieqn31"><tex-math><?CDATA $\xi _{y}(t)$ ?></tex-math>
<inline-graphic xmlns:xlink="http://www.w3.org/1999/xlink" xlink:href="epl17025ieqn31.gif"/>
</inline-formula> are the centers of the wave packet in the <italic>x</italic> and <italic>y</italic> directions, <inline-formula id="epl17025ieqn32"><tex-math><?CDATA $p_{x}(t)$ ?></tex-math>
<inline-graphic xmlns:xlink="http://www.w3.org/1999/xlink" xlink:href="epl17025ieqn32.gif"/>
</inline-formula> and <inline-formula id="epl17025ieqn33"><tex-math><?CDATA $p_{y}(t)$ ?></tex-math>
<inline-graphic xmlns:xlink="http://www.w3.org/1999/xlink" xlink:href="epl17025ieqn33.gif"/>
</inline-formula> are their associated momenta. Within a variational principle from the Lagrangian <inline-formula id="epl17025ieqn34"><tex-math><?CDATA $L=\sum_{n,m}\frac{i}{2}(\overset{\cdot}{z}_{n,m}z_{n,m}^{\ast}-z
_{n,m}\overset{\cdot }{z}_{n,m}^{\ast})-H^{MF}$ ?></tex-math>
<inline-graphic xmlns:xlink="http://www.w3.org/1999/xlink" xlink:href="epl17025ieqn34.gif"/>
</inline-formula> and <inline-formula id="epl17025ieqn35"><tex-math><?CDATA $\frac{\mathrm{d}}{\mathrm{d}t}\frac{\partial L}{\partial \overset{\cdot}{q_{i}}}=
\frac{\partial L}{\partial q_{i}}$ ?></tex-math>
<inline-graphic xmlns:xlink="http://www.w3.org/1999/xlink" xlink:href="epl17025ieqn35.gif"/>
</inline-formula>&nbsp;[<xref ref-type="bibr" rid="epl17025bib12">12</xref>], where <inline-formula id="epl17025ieqn36"><tex-math><?CDATA $q_{i}(t)=\xi_{x}, \xi_{y}, p_{x}, p_{y}$ ?></tex-math>
<inline-graphic xmlns:xlink="http://www.w3.org/1999/xlink" xlink:href="epl17025ieqn36.gif"/>
</inline-formula>, we obtain
<disp-formula id="epl17025eqn4">
<label>4</label><tex-math><?CDATA \begin{eqnarray}
\overset{\cdot}{p_{x}}&=-2\varphi\sin(p_{y}+\varphi\xi_{x})e^{-(\frac{1}{2R_{y0}^{2}}+\frac{\varphi^{2}R_{x0}^{2}}{8})}, \nonumber \\
\overset{\cdot}{p_{y}}&=0,\end{eqnarray} ?></tex-math>
<graphic xmlns:xlink="http://www.w3.org/1999/xlink" xlink:href="epl17025eqn4.gif"/>
</disp-formula>
<disp-formula id="epl17025eqn5">
<label>5</label><tex-math><?CDATA \begin{eqnarray}
\overset{\cdot}{\xi_{x}}&=2\sin p_{x}e^{-\frac{1}{2R_{x0}^{2}}},\nonumber \\
\overset{\cdot}{\xi_{y}}&=2\sin(p_{y}+\varphi\xi_{x})e^{-(\frac{1}{2R_{y0}^{2}}+\frac{\varphi^{2}R_{x0}^{2}}{8})}
,\end{eqnarray} ?></tex-math>
<graphic xmlns:xlink="http://www.w3.org/1999/xlink" xlink:href="epl17025eqn5.gif"/>
</disp-formula>
and the effective Hamiltonian
<disp-formula id="epl17025eqn6">
<label>6</label><tex-math><?CDATA \begin{eqnarray}
H^{MF}=-2[\cos p_{x}+\cos(p_{y}+\varphi\xi_{x})e^{-\frac{\varphi^{2}R_{x0}^{2}}{8})}]e^{-\frac{1}{2R_{x0}^{2}}}.
\end{eqnarray} ?></tex-math>
<graphic xmlns:xlink="http://www.w3.org/1999/xlink" xlink:href="epl17025eqn6.gif"/>
</disp-formula>
From eqs.&nbsp;(<xref ref-type="disp-formula" rid="epl17025eqn4">4</xref>) and&nbsp;(<xref ref-type="disp-formula" rid="epl17025eqn5">5</xref>) we get <inline-formula id="epl17025ieqn37"><tex-math><?CDATA $\mathrm{d}p_{x}/\mathrm{d}\xi_{y}=-\varphi$ ?></tex-math>
<inline-graphic xmlns:xlink="http://www.w3.org/1999/xlink" xlink:href="epl17025ieqn37.gif"/>
</inline-formula>. Then we have
<disp-formula id="epl17025eqn7">
<label>7</label><tex-math><?CDATA \begin{equation}
p_{x}=p_{x0}-\varphi(\xi_{y}-\xi_{y0}), p_{y}=p_{y0}, \end{equation} ?></tex-math>
<graphic xmlns:xlink="http://www.w3.org/1999/xlink" xlink:href="epl17025eqn7.gif"/>
</disp-formula>
where (<inline-formula id="epl17025ieqn38"><tex-math><?CDATA $\xi_{x0},\xi_{y0}$ ?></tex-math>
<inline-graphic xmlns:xlink="http://www.w3.org/1999/xlink" xlink:href="epl17025ieqn38.gif"/>
</inline-formula>) and <inline-formula id="epl17025ieqn39"><tex-math><?CDATA $(p_{x0},p_{y0})$ ?></tex-math>
<inline-graphic xmlns:xlink="http://www.w3.org/1999/xlink" xlink:href="epl17025ieqn39.gif"/>
</inline-formula> are the initial center and the initial momenta of the wave packet, respectively. Equation&nbsp;(<xref ref-type="disp-formula" rid="epl17025eqn7">7</xref>) indicates that the artificial magnetic field <italic>&phiv;</italic> results in a nonuniform <italic>x</italic>-component momentum, which depends on <inline-formula id="epl17025ieqn40"><tex-math><?CDATA $\xi_{y}$ ?></tex-math>
<inline-graphic xmlns:xlink="http://www.w3.org/1999/xlink" xlink:href="epl17025ieqn40.gif"/>
</inline-formula>. By inserting eq.&nbsp;(<xref ref-type="disp-formula" rid="epl17025eqn7">7</xref>) into eq.&nbsp;(<xref ref-type="disp-formula" rid="epl17025eqn5">5</xref>) and assuming <inline-formula id="epl17025ieqn41"><tex-math><?CDATA $R_{x0}=R_{y0}=R_{0}$ ?></tex-math>
<inline-graphic xmlns:xlink="http://www.w3.org/1999/xlink" xlink:href="epl17025ieqn41.gif"/>
</inline-formula>, we have
<disp-formula id="epl17025eqn8">
<label>8</label><tex-math><?CDATA \begin{eqnarray}
\overset{\cdot}{\xi_{x}}&=-2e^{-\frac{1}{2R_{0}^{2}}}\sin\varphi[\xi_{y}-(\xi_{y0}+p_{x0}/\varphi)],
\nonumber \\
\overset{\cdot}{\xi_{y}}&=2e^{-(\frac{1}{2R_{0}^{2}}+\frac{\varphi^{2}R_{0}^{2}}{8})}\sin\varphi(\xi_{x}+p_{y0}/\varphi),\end{eqnarray} ?></tex-math>
<graphic xmlns:xlink="http://www.w3.org/1999/xlink" xlink:href="epl17025eqn8.gif"/>
</disp-formula>
which gives the following cyclotron orbit of the wave packet center:
<disp-formula id="epl17025eqn9">
<label>9</label><tex-math><?CDATA \begin{eqnarray}
\cos\varphi(\xi_{x}+p_{y0}/\varphi)+e^{\frac{\varphi^{2}R_{0}^{2}}{8}}\cos\varphi[\xi_{y}-(\xi_{y0}+p_{x0}/\varphi)]
\nonumber \\
=-\frac{1}{2}e^{1/2R_{0}^{2}+\varphi^{2}R_{0}^{2}/8}H_{0}^{MF}, \end{eqnarray} ?></tex-math>
<graphic xmlns:xlink="http://www.w3.org/1999/xlink" xlink:href="epl17025eqn9.gif"/>
</disp-formula>
where <inline-formula id="epl17025ieqn42"><tex-math><?CDATA $H_{0}^{MF}=-2[\cos (p_{x0})+\cos(p_{y0}+\varphi\xi_{x0})e^{-\frac{\varphi^{2}R_{0}^{2}}{8}}]e^{-\frac{1}{2R_{0}^{2}}}$ ?></tex-math>
<inline-graphic xmlns:xlink="http://www.w3.org/1999/xlink" xlink:href="epl17025ieqn42.gif"/>
</inline-formula> is the initial Hamiltonian of the system. By linearizing eq.&nbsp;(<xref ref-type="disp-formula" rid="epl17025eqn8">8</xref>), we obtain the cyclotron frequency for the wave packet moving along a orbit with small radius
<disp-formula id="epl17025eqn10">
<label>10</label><tex-math><?CDATA \begin{eqnarray}
\omega=2\varphi e^{-\frac{1}{2}(1/R_{0}^{2}+\varphi^{2}R_{0}^{2}/8)}.
\end{eqnarray} ?></tex-math>
<graphic xmlns:xlink="http://www.w3.org/1999/xlink" xlink:href="epl17025eqn10.gif"/>
</disp-formula></p>
<p>Equation&nbsp;(<xref ref-type="disp-formula" rid="epl17025eqn8">8</xref>) indicates that the motions of the wave packet in the <italic>x</italic> and <italic>y</italic> directions are coupled by the artificial magnetic field <italic>&phiv;</italic>. The coupling induced by the artificial magnetic field suppresses the diffusion of the wave packet and therefore coherently traps the atoms in a closed orbit.</p>
</sec>
<sec id="epl17025s4">
<title>Stability of the cyclotron orbit</title>
<p>Equation&nbsp;(<xref ref-type="disp-formula" rid="epl17025eqn8">8</xref>) has equilibrium points
<disp-formula id="epl17025eqn11">
<label>11</label><tex-math><?CDATA \begin{eqnarray}
\bar{\xi}_{x}&=(l\pi-p_{y0})/\varphi,
\nonumber \\
\bar{\xi}_{y}&=\xi_{y0}+(k\pi+p_{x0})/\varphi,
\end{eqnarray} ?></tex-math>
<graphic xmlns:xlink="http://www.w3.org/1999/xlink" xlink:href="epl17025eqn11.gif"/>
</disp-formula>
where <inline-formula id="epl17025ieqn43"><tex-math><?CDATA $l,k =0, \pm 1, \pm 2, \cdots$ ?></tex-math>
<inline-graphic xmlns:xlink="http://www.w3.org/1999/xlink" xlink:href="epl17025ieqn43.gif"/>
</inline-formula>. When <italic>p</italic><sub><italic>x</italic>0</sub>, <italic>p</italic><sub><italic>y</italic>0</sub> and <italic>&phiv;</italic> are fixed, eq.&nbsp;(<xref ref-type="disp-formula" rid="epl17025eqn11">11</xref>) gives multiple equilibrium points spaced by <inline-formula id="epl17025ieqn44"><tex-math><?CDATA $\pi/\varphi$ ?></tex-math>
<inline-graphic xmlns:xlink="http://www.w3.org/1999/xlink" xlink:href="epl17025ieqn44.gif"/>
</inline-formula> one by one in both <inline-formula id="epl17025ieqn45"><tex-math><?CDATA $\xi_{x}$ ?></tex-math>
<inline-graphic xmlns:xlink="http://www.w3.org/1999/xlink" xlink:href="epl17025ieqn45.gif"/>
</inline-formula> and <inline-formula id="epl17025ieqn46"><tex-math><?CDATA $\xi_{y}$ ?></tex-math>
<inline-graphic xmlns:xlink="http://www.w3.org/1999/xlink" xlink:href="epl17025ieqn46.gif"/>
</inline-formula> directions. We expect that the cyclotron dynamics of the wave packet should depend on the stability of the equilibrium points. Setting <inline-formula id="epl17025ieqn47"><tex-math><?CDATA $\xi_{x}=\bar{\xi}_{x}+Ae^{\lambda t}$ ?></tex-math>
<inline-graphic xmlns:xlink="http://www.w3.org/1999/xlink" xlink:href="epl17025ieqn47.gif"/>
</inline-formula>, <inline-formula id="epl17025ieqn48"><tex-math><?CDATA $\xi_{y}=\bar{\xi}_{y}+Be^{\lambda t}$ ?></tex-math>
<inline-graphic xmlns:xlink="http://www.w3.org/1999/xlink" xlink:href="epl17025ieqn48.gif"/>
</inline-formula>, where <italic>A</italic> and <italic>B</italic> are perturbation constants, and linearizing eq.&nbsp;(<xref ref-type="disp-formula" rid="epl17025eqn8">8</xref>) at <inline-formula id="epl17025ieqn49"><tex-math><?CDATA $(\bar{\xi}_{x}, \bar{\xi}_{y})$ ?></tex-math>
<inline-graphic xmlns:xlink="http://www.w3.org/1999/xlink" xlink:href="epl17025ieqn49.gif"/>
</inline-formula>, we have
<disp-formula id="epl17025eqn12">
<label>12</label><tex-math><?CDATA \begin{equation}
\lambda^{2}=-(-1)^{l+k}\varphi^{2}e^{-(1/R_{0}^{2}+\varphi^{2}R_{0}^{2}/8)}.
\end{equation} ?></tex-math>
<graphic xmlns:xlink="http://www.w3.org/1999/xlink" xlink:href="epl17025eqn12.gif"/>
</disp-formula>
Interestingly, the stability of the equilibrium points depends on <italic>l</italic> and <italic>k</italic> (which determine the positions of the equilibrium points in the <inline-formula id="epl17025ieqn50"><tex-math><?CDATA $\xi_{x}$-$\xi_{y}$ ?></tex-math>
<inline-graphic xmlns:xlink="http://www.w3.org/1999/xlink" xlink:href="epl17025ieqn50.gif"/>
</inline-formula> plane, see eq.&nbsp;(<xref ref-type="disp-formula" rid="epl17025eqn11">11</xref>)). The equilibrium points are stable (<italic>i.e.</italic>, <inline-formula id="epl17025ieqn51"><tex-math><?CDATA $\lambda^{2}<0$ ?></tex-math>
<inline-graphic xmlns:xlink="http://www.w3.org/1999/xlink" xlink:href="epl17025ieqn51.gif"/>
</inline-formula>) if <italic>l</italic>&nbsp;+&nbsp;<italic>k</italic> is even and otherwise unstable (<italic>i.e.</italic>, <inline-formula id="epl17025ieqn52"><tex-math><?CDATA $\lambda^{2}>0$ ?>
</tex-math>
<inline-graphic xmlns:xlink="http://www.w3.org/1999/xlink" xlink:href="epl17025ieqn52.gif"/>
</inline-formula>) if <italic>l</italic>&nbsp;+&nbsp;<italic>k</italic> is odd. Thus, the stability of the multiple equilibrium points changes periodically in <inline-formula id="epl17025ieqn53"><tex-math><?CDATA $\xi_{x}$ ?></tex-math>
<inline-graphic xmlns:xlink="http://www.w3.org/1999/xlink" xlink:href="epl17025ieqn53.gif"/>
</inline-formula> and <inline-formula id="epl17025ieqn54"><tex-math><?CDATA $\xi_{y}$ ?></tex-math>
<inline-graphic xmlns:xlink="http://www.w3.org/1999/xlink" xlink:href="epl17025ieqn54.gif"/>
</inline-formula> directions. Setting <inline-formula id="epl17025ieqn55"><tex-math><?CDATA $\xi_{x0}=\bar{\xi}_{x}$ ?></tex-math>
<inline-graphic xmlns:xlink="http://www.w3.org/1999/xlink" xlink:href="epl17025ieqn55.gif"/>
</inline-formula>, <inline-formula id="epl17025ieqn56"><tex-math><?CDATA $\xi_{y0}=\bar{\xi}_{y}$ ?></tex-math>
<inline-graphic xmlns:xlink="http://www.w3.org/1999/xlink" xlink:href="epl17025ieqn56.gif"/>
</inline-formula>, <italic>i.e.</italic>, initially the wave packet is located at the equilibrium point, we have
<disp-formula id="epl17025eqn13">
<label>13</label><tex-math><?CDATA \begin{equation}
l=(\varphi\xi_{x0}+p_{y0})/\pi, k=-p_{x0}/\pi.
\end{equation} ?></tex-math>
<graphic xmlns:xlink="http://www.w3.org/1999/xlink" xlink:href="epl17025eqn13.gif"/>
</disp-formula>
Hence, for fixed <inline-formula id="epl17025ieqn57"><tex-math><?CDATA $\xi_{x0},\xi_{y0},p_{x0}$ ?></tex-math>
<inline-graphic xmlns:xlink="http://www.w3.org/1999/xlink" xlink:href="epl17025ieqn57.gif"/>
</inline-formula> and <italic>p</italic><sub><italic>y</italic>0</sub>, <italic>l</italic> and <italic>k</italic> depend on <italic>&phiv;</italic>. That is, the stability of the wave packet will also change with <italic>&phiv;</italic>.</p>
<p>By taking <inline-formula id="epl17025ieqn58"><tex-math><?CDATA $p_{x0}=p_{y0}=\pi$ ?></tex-math>
<inline-graphic xmlns:xlink="http://www.w3.org/1999/xlink" xlink:href="epl17025ieqn58.gif"/>
</inline-formula> (<inline-formula id="epl17025ieqn59"><tex-math><?CDATA $k=-1$ ?></tex-math>
<inline-graphic xmlns:xlink="http://www.w3.org/1999/xlink" xlink:href="epl17025ieqn59.gif"/>
</inline-formula> in eq.&nbsp;(<xref ref-type="disp-formula" rid="epl17025eqn13">13</xref>)), <inline-formula id="epl17025ieqn60"><tex-math><?CDATA $\xi_{y0}=50,
R_{0}=5$ ?></tex-math>
<inline-graphic xmlns:xlink="http://www.w3.org/1999/xlink" xlink:href="epl17025ieqn60.gif"/>
</inline-formula>, and employing eq.&nbsp;(<xref ref-type="disp-formula" rid="epl17025eqn13">13</xref>), fig.&nbsp;<xref ref-type="fig" rid="epl17025fig1">1</xref>(a) gives the stability diagram in the <inline-formula id="epl17025ieqn61"><tex-math><?CDATA $\xi_{x0}$-$\varphi$ ?></tex-math>
<inline-graphic xmlns:xlink="http://www.w3.org/1999/xlink" xlink:href="epl17025ieqn61.gif"/>
</inline-formula> plane. Figure&nbsp;<xref ref-type="fig" rid="epl17025fig1">1</xref>(a) illustrates that the stability of the equilibrium points changes with <italic>&phiv;</italic> and <inline-formula id="epl17025ieqn62"><tex-math><?CDATA $\xi_{x0}$ ?></tex-math>
<inline-graphic xmlns:xlink="http://www.w3.org/1999/xlink" xlink:href="epl17025ieqn62.gif"/>
</inline-formula>. If initially the wave packet is located at a stable equilibrium point (shown by the red lines in fig.&nbsp;<xref ref-type="fig" rid="epl17025fig1">1</xref>(a)), the wave packet will be coherently localized at this stable equilibrium point. And if initially the wave packet is located at an unstable equilibrium point (shown by the green lines in fig.&nbsp;<xref ref-type="fig" rid="epl17025fig1">1</xref>(a)), the wave packet will decoherently diffuse with time. However, if initially the wave packet is located nearby a stable equilibrium point (<italic>i.e.</italic>, in the region between a red line and a green line in fig.&nbsp;<xref ref-type="fig" rid="epl17025fig1">1</xref>(a)), the wave packet will do coherently cyclotron motion around the stable equilibrium point along the orbit given by eq.&nbsp;(<xref ref-type="disp-formula" rid="epl17025eqn9">9</xref>).</p>
<fig id="epl17025fig1" position="float" fig-type="figure">
<label>Fig. 1:</label>
<caption id="epl17025fc1">
<p>(Color online) (a) The stability diagram in the <inline-formula id="epl17025ieqn63"><tex-math><?CDATA $\xi_{x0}\text{-}\varphi$ ?></tex-math>
<inline-graphic xmlns:xlink="http://www.w3.org/1999/xlink" xlink:href="epl17025ieqn63.gif"/>
</inline-formula> plane. The red lines show the stable equilibrium points (<italic>l</italic>&nbsp;+&nbsp;<italic>k</italic> is even). The green lines show the unstable equilibrium points (<italic>l</italic>&nbsp;+&nbsp;<italic>k</italic> is odd). (b) The initial Hamiltonian <inline-formula id="epl17025ieqn63a"><tex-math><?CDATA $H_{0}^{MF}$ ?></tex-math>
<inline-graphic xmlns:xlink="http://www.w3.org/1999/xlink" xlink:href="epl17025ieqn63a.gif"/>
</inline-formula> and the cyclotron orbit radius <italic>R</italic> against <italic>&phiv;</italic>.</p>
</caption>
<graphic id="epl17025f1_eps" content-type="print" xlink:href="epl17025f1_pr.eps"/>
<graphic id="epl17025f1_online" content-type="online" xlink:href="epl17025f1_online.jpg"/>
</fig>
<p>Equation&nbsp;(<xref ref-type="disp-formula" rid="epl17025eqn9">9</xref>) indicates that the stability and the existence of the cyclotron orbit depend on the initial Hamiltonian <inline-formula id="epl17025ieqn63b"><tex-math><?CDATA $H_{0}^{MF}$ ?></tex-math>
<inline-graphic xmlns:xlink="http://www.w3.org/1999/xlink" xlink:href="epl17025ieqn63b.gif"/>
</inline-formula>. Taking <inline-formula id="epl17025ieqn64"><tex-math><?CDATA $\xi_{x0}=50$ ?></tex-math>
<inline-graphic xmlns:xlink="http://www.w3.org/1999/xlink" xlink:href="epl17025ieqn64.gif"/>
</inline-formula>, fig.&nbsp;<xref ref-type="fig" rid="epl17025fig1">1</xref>(b) shows the variations of <inline-formula id="epl17025ieqn64a"><tex-math><?CDATA $H_{0}^{MF}$ ?></tex-math>
<inline-graphic xmlns:xlink="http://www.w3.org/1999/xlink" xlink:href="epl17025ieqn64a.gif"/>
</inline-formula> and the cyclotron orbit radius <italic>R vs.</italic>&nbsp;<italic>&phiv;</italic>. We find that both <inline-formula id="epl17025ieqn64b"><tex-math><?CDATA $H_{0}^{MF}$ ?></tex-math>
<inline-graphic xmlns:xlink="http://www.w3.org/1999/xlink" xlink:href="epl17025ieqn64b.gif"/>
</inline-formula> and <italic>R</italic> present damping oscillations with the increasing of <italic>&phiv;</italic>. The radius of the cyclotron orbit <inline-formula id="epl17025ieqn65"><tex-math><?CDATA $R\rightarrow 0$ ?></tex-math>
<inline-graphic xmlns:xlink="http://www.w3.org/1999/xlink" xlink:href="epl17025ieqn65.gif"/>
</inline-formula> when <inline-formula id="epl17025ieqn65a"><tex-math><?CDATA $H_{0}^{MF}$ ?></tex-math>
<inline-graphic xmlns:xlink="http://www.w3.org/1999/xlink" xlink:href="epl17025ieqn65a.gif"/>
</inline-formula> approaches its local maximum. So the wave packet should be localized as <inline-formula id="epl17025ieqn65b"><tex-math><?CDATA $H_{0}^{MF}$ ?></tex-math>
<inline-graphic xmlns:xlink="http://www.w3.org/1999/xlink" xlink:href="epl17025ieqn65b.gif"/>
</inline-formula> approaches its local maximum. More interestingly, stability analyses indicate that <inline-formula id="epl17025ieqn65c"><tex-math><?CDATA $H_{0}^{MF}$ ?></tex-math>
<inline-graphic xmlns:xlink="http://www.w3.org/1999/xlink" xlink:href="epl17025ieqn65c.gif"/>
</inline-formula> approaches its local maximum when the wave packet is initially located at a stable equilibrium point, and <inline-formula id="epl17025ieqn65d"><tex-math><?CDATA $H_{0}^{MF}$ ?></tex-math>
<inline-graphic xmlns:xlink="http://www.w3.org/1999/xlink" xlink:href="epl17025ieqn65d.gif"/>
</inline-formula> approaches its local minimum when the wave packet is initially located at an unstable equilibrium point. In fact, eq.&nbsp;(<xref ref-type="disp-formula" rid="epl17025eqn9">9</xref>) indicates that, when <inline-formula id="epl17025ieqn66"><tex-math><?CDATA $H_{0}^{MF}\neq 0$ ?></tex-math>
<inline-graphic xmlns:xlink="http://www.w3.org/1999/xlink" xlink:href="epl17025ieqn66.gif"/>
</inline-formula>, a closed cyclotron orbit can exist and the wave packet will do cyclotron motion. However, when <inline-formula id="epl17025ieqn67"><tex-math><?CDATA $H_{0}^{MF}\rightarrow 0$ ?></tex-math>
<inline-graphic xmlns:xlink="http://www.w3.org/1999/xlink" xlink:href="epl17025ieqn67.gif"/>
</inline-formula>, a closed cyclotron orbit cannot exist, so the wave packet diffuses. Furthermore, fig.&nbsp;<xref ref-type="fig" rid="epl17025fig1">1</xref>(a) illustrates that the distance between the neighbouring unstable equilibrium points decreases with the increase of <italic>&phiv;</italic>. Hence, for large <italic>&phiv;</italic>, the cyclotron motion of the wave packet will no longer exist and the wave packet becomes unstable.</p>
<p>Figure&nbsp;<xref ref-type="fig" rid="epl17025fig2">2</xref> illustrates the phase-orbit diagram for different <italic>&phiv;</italic>. Clearly, the trajectory diagram is divided into two regions by a separatrix orbit of <inline-formula id="epl17025ieqn68"><tex-math><?CDATA $\varphi=0.189$ ?></tex-math>
<inline-graphic xmlns:xlink="http://www.w3.org/1999/xlink" xlink:href="epl17025ieqn68.gif"/>
</inline-formula>. In region I, as <italic>&phiv;</italic> increases from 0.126 to 0.189, the wave packet undergoes localization <inline-formula id="epl17025ieqn69"><tex-math><?CDATA $(\varphi=0.126)$ ?></tex-math>
<inline-graphic xmlns:xlink="http://www.w3.org/1999/xlink" xlink:href="epl17025ieqn69.gif"/>
</inline-formula>-to-cyclotron motion <inline-formula id="epl17025ieqn70"><tex-math><?CDATA $(0.126 < \varphi < 0.189)$ ?></tex-math>
<inline-graphic xmlns:xlink="http://www.w3.org/1999/xlink" xlink:href="epl17025ieqn70.gif"/>
</inline-formula>-to-diffusion <inline-formula id="epl17025ieqn71"><tex-math><?CDATA $(\varphi=0.189)$ ?></tex-math>
<inline-graphic xmlns:xlink="http://www.w3.org/1999/xlink" xlink:href="epl17025ieqn71.gif"/>
</inline-formula> transition. For the cyclotron motion, the orbit radius increases with <italic>&phiv;</italic>. When <inline-formula id="epl17025ieqn72"><tex-math><?CDATA $\varphi=0.189$ ?></tex-math>
<inline-graphic xmlns:xlink="http://www.w3.org/1999/xlink" xlink:href="epl17025ieqn72.gif"/>
</inline-formula>, the orbit passes through an unstable equilibrium point and behaves as a separatrix, for this case the wave packet moving in this orbit becomes unstable. When <italic>&phiv;</italic> further increases from 0.189 to 0.252, the orbits are shifted to region II and the wave packet will undergo diffusion-to-cyclotron motion-to-localization transition. Because both <inline-formula id="epl17025ieqn72a"><tex-math><?CDATA $H_{0}^{MF}$ ?></tex-math>
<inline-graphic xmlns:xlink="http://www.w3.org/1999/xlink" xlink:href="epl17025ieqn72a.gif"/>
</inline-formula> and the orbit given by eq.&nbsp;(<xref ref-type="disp-formula" rid="epl17025eqn9">9</xref>) are periodic functions of <italic>&phiv;</italic>, so when <italic>&phiv;</italic> further increases over 0.252, the cyclotron dynamics will change alternately in the two regions of fig.&nbsp;<xref ref-type="fig" rid="epl17025fig2">2</xref>. In other words, the cyclotron dynamics of atoms can be manipulated by adjusting the artificial magnetic field. The wave packet can be coherently manipulated and trapped to a prescribed orbit.</p>
<fig id="epl17025fig2" position="float" fig-type="figure">
<label>Fig. 2:</label>
<caption id="epl17025fc2">
<p>The orbit diagram in the <inline-formula id="epl17025ieqn73"><tex-math><?CDATA $\xi_{x}$-$\xi_{y}$ ?></tex-math>
<inline-graphic xmlns:xlink="http://www.w3.org/1999/xlink" xlink:href="epl17025ieqn73.gif"/>
</inline-formula> plane for different <italic>&phiv;</italic>.</p>
</caption>
<graphic id="epl17025f2_eps" content-type="print" xlink:href="epl17025f2_pr.eps"/>
<graphic id="epl17025f2_online" content-type="online" xlink:href="epl17025f2_online.jpg"/>
</fig>
</sec>
<sec id="epl17025s5">
<title>Numerical simulations</title>
<p>To confirm the theoretical predictions, direct numerical simulations of eq.&nbsp;(<xref ref-type="disp-formula" rid="epl17025eqn3">3</xref>) are presented in figs.&nbsp;<xref ref-type="fig" rid="epl17025fig3">3</xref>&ndash;<xref ref-type="fig" rid="epl17025fig7">7</xref>. Here, as an example, we only present the numerical results for three different values of <italic>&phiv;</italic> as marked by A, B and C in fig.&nbsp;<xref ref-type="fig" rid="epl17025fig1">1</xref> (also see fig.&nbsp;<xref ref-type="fig" rid="epl17025fig2">2</xref>), with <inline-formula id="epl17025ieqn74"><tex-math><?CDATA $p_{x0}=p_{y0}=\pi$ ?></tex-math>
<inline-graphic xmlns:xlink="http://www.w3.org/1999/xlink" xlink:href="epl17025ieqn74.gif"/>
</inline-formula>, <inline-formula id="epl17025ieqn75"><tex-math><?CDATA $\xi_{x0}=\xi_{y0}=50$ ?></tex-math>
<inline-graphic xmlns:xlink="http://www.w3.org/1999/xlink" xlink:href="epl17025ieqn75.gif"/>
</inline-formula>, <inline-formula id="epl17025ieqn76"><tex-math><?CDATA $R_{0}=5$ ?></tex-math>
<inline-graphic xmlns:xlink="http://www.w3.org/1999/xlink" xlink:href="epl17025ieqn76.gif"/>
</inline-formula>.</p>
<fig id="epl17025fig3" position="float" fig-type="figure">
<label>Fig. 3:</label>
<caption id="epl17025fc3">
<p>(Color online) The dynamics of the wave packet with <inline-formula id="epl17025ieqn77"><tex-math><?CDATA $\varphi=0.126$ ?></tex-math>
<inline-graphic xmlns:xlink="http://www.w3.org/1999/xlink" xlink:href="epl17025ieqn77.gif"/>
</inline-formula>. The insert shows the time evolution of the amplitude of the wave packet.</p>
</caption>
<graphic id="epl17025f3_eps" content-type="print" xlink:href="epl17025f3_pr.eps"/>
<graphic id="epl17025f3_online" content-type="online" xlink:href="epl17025f3_online.jpg"/>
</fig>
<fig id="epl17025fig4" position="float" fig-type="figure">
<label>Fig. 4:</label>
<caption id="epl17025fc4">
<p>(Color online) The temporal evolution of the wave packet and its contour plot with <inline-formula id="epl17025ieqn78"><tex-math><?CDATA $\varphi=0.155$ ?></tex-math>
<inline-graphic xmlns:xlink="http://www.w3.org/1999/xlink" xlink:href="epl17025ieqn78.gif"/>
</inline-formula>. The elliptical orbits (red lines) are given by eq.&nbsp;(<xref ref-type="disp-formula" rid="epl17025eqn9">9</xref>). The cyclotron period is 22.</p>
</caption>
<graphic id="epl17025f4_eps" content-type="print" xlink:href="epl17025f4_pr.eps"/>
<graphic id="epl17025f4_online" content-type="online" xlink:href="epl17025f4_online.jpg"/>
</fig>
<fig id="epl17025fig5" position="float" fig-type="figure">
<label>Fig. 5:</label>
<caption id="epl17025fc5">
<p>The time evolution of the order parameter <inline-formula id="epl17025ieqn83"><tex-math><?CDATA $|\Psi|^{2}$ ?></tex-math>
<inline-graphic xmlns:xlink="http://www.w3.org/1999/xlink" xlink:href="epl17025ieqn83.gif"/>
</inline-formula>: (a) corresponds to the case presented in figs.&nbsp;<xref ref-type="fig" rid="epl17025fig3">3</xref> and <xref ref-type="fig" rid="epl17025fig7">7</xref>; (b) corresponds to the case presented in fig.&nbsp;<xref ref-type="fig" rid="epl17025fig4">4</xref>, the solid lines stand for <inline-formula id="epl17025ieqn84"><tex-math><?CDATA $U/J=0$ ?></tex-math>
<inline-graphic xmlns:xlink="http://www.w3.org/1999/xlink" xlink:href="epl17025ieqn84.gif"/>
</inline-formula> and the dashed lines stand for <inline-formula id="epl17025ieqn85"><tex-math><?CDATA $U/J=1$ ?></tex-math>
<inline-graphic xmlns:xlink="http://www.w3.org/1999/xlink" xlink:href="epl17025ieqn85.gif"/>
</inline-formula>.</p>
</caption>
<graphic id="epl17025f5_eps" content-type="print" xlink:href="epl17025f5_pr.eps"/>
<graphic id="epl17025f5_online" content-type="online" xlink:href="epl17025f5_online.jpg"/>
</fig>
<fig id="epl17025fig6" position="float" fig-type="figure">
<label>Fig. 6:</label>
<caption id="epl17025fc6">
<p>(Color online) Same as in fig.&nbsp;<xref ref-type="fig" rid="epl17025fig4">4</xref> but for different time interval.</p>
</caption>
<graphic id="epl17025f6_eps" content-type="print" xlink:href="epl17025f6_pr.eps"/>
<graphic id="epl17025f6_online" content-type="online" xlink:href="epl17025f6_online.jpg"/>
</fig>
<fig id="epl17025fig7" position="float" fig-type="figure">
<label>Fig. 7:</label>
<caption id="epl17025fc7">
<p>(Color online) The dynamics of the wave packet with <inline-formula id="epl17025ieqn100"><tex-math><?CDATA $\varphi=0.189$ ?></tex-math>
<inline-graphic xmlns:xlink="http://www.w3.org/1999/xlink" xlink:href="epl17025ieqn100.gif"/>
</inline-formula>.</p>
</caption>
<graphic id="epl17025f7_eps" content-type="print" xlink:href="epl17025f7_pr.eps"/>
<graphic id="epl17025f7_online" content-type="online" xlink:href="epl17025f7_online.jpg"/>
</fig>
<p>The temporal evolution of the wave packet with <inline-formula id="epl17025ieqn79"><tex-math><?CDATA $\varphi=0.126$ ?></tex-math>
<inline-graphic xmlns:xlink="http://www.w3.org/1999/xlink" xlink:href="epl17025ieqn79.gif"/>
</inline-formula> (marked by point A in fig.&nbsp;<xref ref-type="fig" rid="epl17025fig1">1</xref>) is displayed in fig.&nbsp;<xref ref-type="fig" rid="epl17025fig3">3</xref>. As expected, in this case, the wave packet is coherently localized in its initial position and the amplitude of the wave packet oscillates periodically with time.</p>
<p>For <inline-formula id="epl17025ieqn80"><tex-math><?CDATA $\varphi=0.155$ ?></tex-math>
<inline-graphic xmlns:xlink="http://www.w3.org/1999/xlink" xlink:href="epl17025ieqn80.gif"/>
</inline-formula> (marked by point B in fig.&nbsp;<xref ref-type="fig" rid="epl17025fig1">1</xref>), the cyclotron motion will occur. The temporal evolution of the wave packet and its contour plot are presented in fig.&nbsp;<xref ref-type="fig" rid="epl17025fig4">4</xref>. The closed orbits (shown by red lines) in the <inline-formula id="epl17025ieqn81"><tex-math><?CDATA $m$-$n$ ?></tex-math>
<inline-graphic xmlns:xlink="http://www.w3.org/1999/xlink" xlink:href="epl17025ieqn81.gif"/>
</inline-formula> plane are our theoretical predictions of eq.&nbsp;(<xref ref-type="disp-formula" rid="epl17025eqn9">9</xref>). The trajectory of the wave packet center agrees well with the theoretical predictions. In this case, the wave packet cannot preserve its Gaussian shape as time goes on. As it is shown in fig.&nbsp;<xref ref-type="fig" rid="epl17025fig4">4</xref>, in the beginning, the wave packet remains the Gaussian profile, but then spreads along the orbit (<inline-formula id="epl17025ieqn82"><tex-math><?CDATA $t=10\text{--}50$ ?></tex-math>
<inline-graphic xmlns:xlink="http://www.w3.org/1999/xlink" xlink:href="epl17025ieqn82.gif"/>
</inline-formula>) and finally distributes the whole orbit forming a cylinder shape (see <italic>t</italic>&nbsp;=&nbsp;70). The atoms do cyclotron motion along the predicted orbit.</p>
<p>To provide a deep insight into the cyclotron dynamics presented in fig.&nbsp;<xref ref-type="fig" rid="epl17025fig4">4</xref>, we define an effective complex order parameter for measuring the overall coherence of the system&nbsp;[<xref ref-type="bibr" rid="epl17025bib36">36</xref>]:
<disp-formula id="epl17025eqn14">
<label>14</label><tex-math><?CDATA \begin{equation}
\Psi_{x}=\sum _{n}z_{n+1,m}^{\ast}z_{n,m},\ \Psi_{y}=\sum
_{m}z_{n,m+1}^{\ast}z_{n,m}.
\end{equation} ?></tex-math>
<graphic xmlns:xlink="http://www.w3.org/1999/xlink" xlink:href="epl17025eqn14.gif"/>
</disp-formula>
The coherence norm <inline-formula id="epl17025ieqn86"><tex-math><?CDATA $|\Psi|^{2}$ ?></tex-math>
<inline-graphic xmlns:xlink="http://www.w3.org/1999/xlink" xlink:href="epl17025ieqn86.gif"/>
</inline-formula> can take any values from 0 to 1. However, it takes 1 or 0 when the matter wave is completely coherent or completely decoherent. Because eq.&nbsp;(<xref ref-type="disp-formula" rid="epl17025eqn3">3</xref>) is asymmetric in the <italic>x</italic> and <italic>y</italic> directions, we present the coherence functions in both directions. The time evolution of the order parameter <inline-formula id="epl17025ieqn87"><tex-math><?CDATA $|\Psi|^{2}$ ?></tex-math>
<inline-graphic xmlns:xlink="http://www.w3.org/1999/xlink" xlink:href="epl17025ieqn87.gif"/>
</inline-formula> is shown in fig.&nbsp;<xref ref-type="fig" rid="epl17025fig5">5</xref>. For stable localized case (<italic>i.e.</italic>, <inline-formula id="epl17025ieqn88"><tex-math><?CDATA $\varphi=0.126$ ?></tex-math>
<inline-graphic xmlns:xlink="http://www.w3.org/1999/xlink" xlink:href="epl17025ieqn88.gif"/>
</inline-formula>, see figs.&nbsp;<xref ref-type="fig" rid="epl17025fig3">3</xref> and&nbsp;<xref ref-type="fig" rid="epl17025fig5">5</xref>(a)), <inline-formula id="epl17025ieqn89"><tex-math><?CDATA $|\Psi_{x}|^{2}=|\Psi_{y}|^{2}\doteq1$ ?></tex-math>
<inline-graphic xmlns:xlink="http://www.w3.org/1999/xlink" xlink:href="epl17025ieqn89.gif"/>
</inline-formula>, the system is almost in completely coherent state both in the <italic>x</italic> and <italic>y</italic> directions. However, for the cyclotron motion (<italic>i.e.</italic>, <inline-formula id="epl17025ieqn90"><tex-math><?CDATA $\varphi=0.155$ ?></tex-math>
<inline-graphic xmlns:xlink="http://www.w3.org/1999/xlink" xlink:href="epl17025ieqn90.gif"/>
</inline-formula>, see figs.&nbsp;<xref ref-type="fig" rid="epl17025fig4">4</xref>,&nbsp;<xref ref-type="fig" rid="epl17025fig5">5</xref>(b) and&nbsp;<xref ref-type="fig" rid="epl17025fig6">6</xref>), the coherence in the <italic>x</italic> and <italic>y</italic> directions are different. The vector potential applied in the <italic>y</italic>-direction enhances the tunneling. Thus the coherence in the <italic>y</italic>-direction can remain the overall coherent character. However, the coherence parameter <inline-formula id="epl17025ieqn91"><tex-math><?CDATA $|\Psi_{x}|^{2}$ ?></tex-math>
<inline-graphic xmlns:xlink="http://www.w3.org/1999/xlink" xlink:href="epl17025ieqn91.gif"/>
</inline-formula> decreases to a nonzero value which depends on <italic>&phiv;</italic>. Interestingly, the revival of coherence in the <italic>x</italic>-direction (<italic>i.e.</italic>, <inline-formula id="epl17025ieqn92"><tex-math><?CDATA $|\Psi_{x}|^{2}\rightarrow 1$ ?></tex-math>
<inline-graphic xmlns:xlink="http://www.w3.org/1999/xlink" xlink:href="epl17025ieqn92.gif"/>
</inline-formula>) during some time intervals is observed. The revival of <inline-formula id="epl17025ieqn93"><tex-math><?CDATA $|\Psi_{x}|^{2}$ ?></tex-math>
<inline-graphic xmlns:xlink="http://www.w3.org/1999/xlink" xlink:href="epl17025ieqn93.gif"/>
</inline-formula> indicates interesting dynamical properties. To demonstrate this, the dynamics of the wave packet for <inline-formula id="epl17025ieqn94"><tex-math><?CDATA $t\approx220\text{--}350$ ?></tex-math>
<inline-graphic xmlns:xlink="http://www.w3.org/1999/xlink" xlink:href="epl17025ieqn94.gif"/>
</inline-formula> and <inline-formula id="epl17025ieqn95"><tex-math><?CDATA $t\approx520\text{--}650$ ?></tex-math>
<inline-graphic xmlns:xlink="http://www.w3.org/1999/xlink" xlink:href="epl17025ieqn95.gif"/>
</inline-formula> are shown in fig.&nbsp;<xref ref-type="fig" rid="epl17025fig6">6</xref>. For <inline-formula id="epl17025ieqn96"><tex-math><?CDATA $t\approx220\text{--}350$ ?></tex-math>
<inline-graphic xmlns:xlink="http://www.w3.org/1999/xlink" xlink:href="epl17025ieqn96.gif"/>
</inline-formula>, the wave packet evolves from a cylinder shape to two Gaussian-type wave packets, and finally recovers its cylinder shape. For <inline-formula id="epl17025ieqn97"><tex-math><?CDATA $t\approx520\text{--}650$ ?></tex-math>
<inline-graphic xmlns:xlink="http://www.w3.org/1999/xlink" xlink:href="epl17025ieqn97.gif"/>
</inline-formula>, the wave packet evolves from a cylinder shape to a single Gaussian shape, and finally recovers the cylinder shape. From fig.&nbsp;<xref ref-type="fig" rid="epl17025fig5">5</xref>(b) and fig.&nbsp;<xref ref-type="fig" rid="epl17025fig6">6</xref> we find that the recovering of the Gaussian-type shape of wave packet corresponds to the revival of the coherence (<italic>i.e.</italic>, <inline-formula id="epl17025ieqn98"><tex-math><?CDATA $|\Psi_{x}|^{2}\rightarrow 1$ ?></tex-math>
<inline-graphic xmlns:xlink="http://www.w3.org/1999/xlink" xlink:href="epl17025ieqn98.gif"/>
</inline-formula>). The revival of the coherence will take place periodically with the increasing of time. The coherent cyclotron dynamics of the wave packet can be revealed approximately by the parameter <inline-formula id="epl17025ieqn99"><tex-math><?CDATA $|\Psi|^{2}$ ?></tex-math>
<inline-graphic xmlns:xlink="http://www.w3.org/1999/xlink" xlink:href="epl17025ieqn99.gif"/>
</inline-formula>.</p>
<p>When <inline-formula id="epl17025ieqn101"><tex-math><?CDATA $\varphi=0.189$ ?></tex-math>
<inline-graphic xmlns:xlink="http://www.w3.org/1999/xlink" xlink:href="epl17025ieqn101.gif"/>
</inline-formula> (marked by point C in fig.&nbsp;<xref ref-type="fig" rid="epl17025fig1">1</xref>), as it is shown in figs.&nbsp;<xref ref-type="fig" rid="epl17025fig1">1</xref> and <xref ref-type="fig" rid="epl17025fig2">2</xref>, the trajectory of the wave packet is unstable, the wave packet cannot preserve the cyclotron motion in the orbit and will expand with time. The numerical results shown in fig.&nbsp;<xref ref-type="fig" rid="epl17025fig7">7</xref> confirm this. In this case, the coherence parameter <inline-formula id="epl17025ieqn102"><tex-math><?CDATA $|\Psi|^{2}$ ?></tex-math>
<inline-graphic xmlns:xlink="http://www.w3.org/1999/xlink" xlink:href="epl17025ieqn102.gif"/>
</inline-formula> decreases quickly to zero (see fig.&nbsp;<xref ref-type="fig" rid="epl17025fig5">5</xref>(a)).</p>
<p>Figure&nbsp;<xref ref-type="fig" rid="epl17025fig5">5</xref> indicates that, because the system is completely coherent if the wave packet is located at stable equilibrium point and otherwise is completely decoherent if the wave packet is located at unstable equilibrium point, the coherence of the system in the <italic>x</italic>-direction (<italic>i.e.</italic>, <inline-formula id="epl17025ieqn103"><tex-math><?CDATA $|\Psi_{x}|^{2}$ ?></tex-math>
<inline-graphic xmlns:xlink="http://www.w3.org/1999/xlink" xlink:href="epl17025ieqn103.gif"/>
</inline-formula>) also changes periodically with a period of <italic>T</italic><sub><italic>c</italic></sub>. The period of the coherence <italic>T</italic><sub><italic>c</italic></sub> is determined by the distance between two nearby stable equilibrium points, <italic>i.e.</italic>, <inline-formula id="epl17025ieqn104"><tex-math><?CDATA $T_{c}=2\pi/\varphi$ ?></tex-math>
<inline-graphic xmlns:xlink="http://www.w3.org/1999/xlink" xlink:href="epl17025ieqn104.gif"/>
</inline-formula>. That is, the system recovers its complete coherence after <inline-formula id="epl17025ieqn105"><tex-math><?CDATA $2\pi/\varphi$ ?></tex-math>
<inline-graphic xmlns:xlink="http://www.w3.org/1999/xlink" xlink:href="epl17025ieqn105.gif"/>
</inline-formula> lattices sites. The result agrees with the observation in ref.&nbsp;[<xref ref-type="bibr" rid="epl17025bib18">18</xref>].</p>
<p>Finally, we consider the effect of the atomic interaction <italic>U</italic>/<italic>J</italic> by numerically solving eq.&nbsp;(<xref ref-type="disp-formula" rid="epl17025eqn3">3</xref>). We find that the cyclotron dynamics (including the cyclotron orbits and the wave packet dynamics) are not influenced qualitatively when <inline-formula id="epl17025ieqn106"><tex-math><?CDATA $U/J<5$ ?></tex-math>
<inline-graphic xmlns:xlink="http://www.w3.org/1999/xlink" xlink:href="epl17025ieqn106.gif"/>
</inline-formula>. Especially, for weak interaction (<italic>i.e.</italic>, <inline-formula id="epl17025ieqn107"><tex-math><?CDATA $U/J\sim 1$ ?></tex-math>
<inline-graphic xmlns:xlink="http://www.w3.org/1999/xlink" xlink:href="epl17025ieqn107.gif"/>
</inline-formula>), the cyclotron dynamics with atomic interaction are in good agreement with the results of noninteracting case (see fig.&nbsp;<xref ref-type="fig" rid="epl17025fig5">5</xref> for simulated parameter <inline-formula id="epl17025ieqn108"><tex-math><?CDATA $|\Psi|^{2}$ ?></tex-math>
<inline-graphic xmlns:xlink="http://www.w3.org/1999/xlink" xlink:href="epl17025ieqn108.gif"/>
</inline-formula>). That is, our predictions of the cyclotron dynamics are reasonable for weak interacting atoms, a popular situation for dilute atomic gas in current experiment&nbsp;[<xref ref-type="bibr" rid="epl17025bib28">28</xref>,<xref ref-type="bibr" rid="epl17025bib29">29</xref>]. Indeed, the cyclotron dynamics of atoms should exist for weak atomic interaction. In contrast, when the atomic interaction is very strong, we expect that the atomic gas should be localized and the coherent cyclotron motion will be destroyed.</p>
</sec>
<sec id="epl17025s6">
<title>Conclusion</title>
<p>In summary, rich cyclotron dynamics of atoms in optical lattices are obtained. Atoms can be coherently localized in its initial position, or can be trapped in <italic>a priori</italic> prescribed orbit doing coherent cyclotron motion, or can be decoherently diffused with time. These cyclotron dynamics of atoms depend on the artificial magnetic field and the stability of the orbit. Both the stability of the orbit and the coherence of the system present asymmetric characters. We hope that our studies will stimulate further experiments in this direction.</p>
</sec>
</body>
<back>
<ack>
<title>Acknowledgments</title>
<p>This work is supported by the National Natural Science Foundation of China under Grants Nos. 11305132, 11274255, and 11475027, and by Specialized Research Fund for the Doctoral Program of Higher Education of China under Grant No. 20136203110001, by the Natural Science Foundation of Gansu province under Grant No. 2011GS04358, and by Creation of Science and Technology of Northwest Normal University, China, under Grants Nos. NWNU-KJCXGC-03-48, NWNU-LKQN-12-12, NWNU-LKQN-10-27.</p>
</ack>
<ref-list content-type="numerical">
<title>References</title>
<ref id="epl17025bib1">
<label>1</label>
<element-citation publication-type="journal">
<person-group person-group-type="author">
<name><surname>Morsch</surname><given-names>O.</given-names></name>
<name><surname>Oberthaler</surname><given-names>M.</given-names></name>
</person-group>
<year>2006</year>
<source>Rev. Mod. Phys.</source>
<volume>78</volume>
<fpage>179</fpage>
</element-citation>
</ref>
<ref id="epl17025bib2">
<label>2</label>
<element-citation publication-type="journal">
<person-group person-group-type="author">
<name><surname>Dalfovo</surname><given-names>F.</given-names></name>
<name><surname>Giorgini</surname><given-names>S.</given-names></name>
<name><surname>Pitaevskii</surname><given-names>L. P.</given-names></name>
<name><surname>Stringari</surname><given-names>S.</given-names></name>
</person-group>
<year>1999</year>
<source>Rev. Mod. Phys.</source>
<volume>71</volume>
<fpage>463</fpage>
</element-citation>
</ref>
<ref id="epl17025bib3">
<label>3</label>
<element-citation publication-type="journal">
<person-group person-group-type="author">
<name><surname>Alexander</surname><given-names>T. J.</given-names></name>
<name><surname>Ostrovskaya</surname><given-names>E. A.</given-names></name>
<name><surname>Kivshar</surname><given-names>Y. S.</given-names></name>
</person-group>
<year>2006</year>
<source>Phys. Rev. Lett.</source>
<volume>96</volume>
<elocation-id content-type="artnum">040401</elocation-id>
</element-citation>
</ref>
<ref id="epl17025bib4">
<label>4</label>
<element-citation publication-type="journal">
<person-group person-group-type="author">
<name><surname>Michal</surname><given-names>V. P.</given-names></name>
<name><surname>Altshuler</surname><given-names>B. L.</given-names></name>
<name><surname>Shlyapnikov</surname><given-names>G. V.</given-names></name>
</person-group>
<year>2014</year>
<source>Phys. Rev. Lett.</source>
<volume>113</volume>
<elocation-id content-type="artnum">045304</elocation-id>
</element-citation>
</ref>
<ref id="epl17025bib5">
<label>5</label>
<element-citation publication-type="journal">
<person-group person-group-type="author">
<name><surname>Nath</surname><given-names>R.</given-names></name>
<name><surname>Pedri</surname><given-names>P.</given-names></name>
<name><surname>Santos</surname><given-names>L.</given-names></name>
</person-group>
<year>2008</year>
<source>Phys. Rev. Lett.</source>
<volume>101</volume>
<elocation-id content-type="artnum">210402</elocation-id>
</element-citation>
</ref>
<ref id="epl17025bib6">
<label>6</label>
<element-citation publication-type="journal">
<person-group person-group-type="author">
<name><surname>Gligori&cacute;</surname><given-names>G.</given-names></name>
<name><surname>Maluckov</surname><given-names>A.</given-names></name>
<name><surname>Had&zcaron;ievski</surname><given-names>L.</given-names></name>
<name><surname>Malomed</surname><given-names>B. A.</given-names></name>
</person-group>
<year>2008</year>
<source>Phys. Rev. A</source>
<volume>78</volume>
<elocation-id content-type="artnum">063615</elocation-id>
</element-citation>
</ref>
<ref id="epl17025bib7">
<label>7</label>
<element-citation publication-type="journal">
<person-group person-group-type="author">
<name><surname>Gligori&cacute;</surname><given-names>G.</given-names></name>
<name><surname>Maluckov</surname><given-names>A.</given-names></name>
<name><surname>Stepic</surname><given-names>M.</given-names></name>
<name><surname>Hadzievski</surname><given-names>L.</given-names></name>
<name><surname>Malomed</surname><given-names>B. A.</given-names></name>
</person-group>
<year>2010</year>
<source>Phys. Rev. A</source>
<volume>81</volume>
<elocation-id content-type="artnum">013633</elocation-id>
</element-citation>
</ref>
<ref id="epl17025bib8">
<label>8</label>
<element-citation publication-type="journal">
<person-group person-group-type="author">
<name><surname>Menotti</surname><given-names>C.</given-names></name>
<name><surname>Trefzger</surname><given-names>C.</given-names></name>
<name><surname>Lewenstein</surname><given-names>M.</given-names></name>
</person-group>
<year>2007</year>
<source>Phys. Rev. Lett.</source>
<volume>98</volume>
<elocation-id content-type="artnum">235301</elocation-id>
</element-citation>
</ref>
<ref id="epl17025bib9">
<label>9</label>
<element-citation publication-type="journal">
<person-group person-group-type="author">
<name><surname>Danshita</surname><given-names>I.</given-names></name>
<name><surname>S&aacute; de Melo Carlos</surname><given-names>A. R.</given-names></name>
</person-group>
<year>2009</year>
<source>Phys. Rev. Lett.</source>
<volume>103</volume>
<elocation-id content-type="artnum">225301</elocation-id>
</element-citation>
</ref>
<ref id="epl17025bib10">
<label>10</label>
<element-citation publication-type="journal">
<person-group person-group-type="author">
<name><surname>Flach</surname><given-names>S.</given-names></name>
<name><surname>Kladko</surname><given-names>K.</given-names></name>
<name><surname>MacKay</surname><given-names>R. S.</given-names></name>
</person-group>
<year>1997</year>
<source>Phys. Rev. Lett.</source>
<volume>78</volume>
<fpage>1207</fpage>
</element-citation>
</ref>
<ref id="epl17025bib11">
<label>11</label>
<element-citation publication-type="journal">
<person-group person-group-type="author">
<name><surname>Anker</surname><given-names>T.</given-names></name>
<name><surname>Albiez</surname><given-names>M.</given-names></name>
<name><surname>Gati</surname><given-names>R.</given-names></name>
<name><surname>Hunsmann</surname><given-names>S.</given-names></name>
<name><surname>Eiermann</surname><given-names>B.</given-names></name>
<name><surname>Trombettoni</surname><given-names>A.</given-names></name>
<name><surname>Oberthaler</surname><given-names>M. K.</given-names></name>
</person-group>
<year>2005</year>
<source>Phys. Rev. Lett.</source>
<volume>94</volume>
<elocation-id content-type="artnum">020403</elocation-id>
</element-citation>
</ref>
<ref id="epl17025bib12">
<label>12</label>
<element-citation publication-type="journal" id="epl17025bib12a">
<person-group person-group-type="author">
<name><surname>Trombettoni</surname><given-names>A.</given-names></name>
<name><surname>Smerzi</surname><given-names>A.</given-names></name>
</person-group>
<year>2001</year>
<source>Phys. Rev. Lett.</source>
<volume>86</volume>
<fpage>2353</fpage>
</element-citation>
<element-citation publication-type="journal" id="epl17025bib12b">
<person-group person-group-type="author">
<name><surname>Smerzi</surname><given-names>A.</given-names></name>
<name><surname>Trombettoni</surname><given-names>A.</given-names></name>
</person-group>
<year>2003</year>
<source>Phys. Rev. A</source>
<volume>68</volume>
<elocation-id content-type="artnum">023613</elocation-id>
</element-citation>
</ref>
<ref id="epl17025bib13">
<label>13</label>
<element-citation publication-type="journal">
<person-group person-group-type="author">
<name><surname>Rasmussen</surname><given-names>K. O.</given-names></name>
<name><surname>Cretegny</surname><given-names>T.</given-names></name>
<name><surname>Kevrekidis</surname><given-names>P. G.</given-names></name>
<name><surname>Gronbech&hyphen;Jensen</surname><given-names>N. G.</given-names></name>
</person-group>
<year>2000</year>
<source>Phys. Rev. Lett.</source>
<volume>84</volume>
<fpage>3740</fpage>
</element-citation>
</ref>
<ref id="epl17025bib14">
<label>14</label>
<element-citation publication-type="journal" id="epl17025bib14a">
<person-group person-group-type="author">
<name><surname>Xue</surname><given-names>J.&hyphen;K.</given-names></name>
<name><surname>Zhang</surname><given-names>A.&hyphen;X.</given-names></name>
</person-group>
<year>2008</year>
<source>Phys. Rev. Lett.</source>
<volume>101</volume>
<elocation-id content-type="artnum">180401</elocation-id>
</element-citation>
<element-citation publication-type="journal" id="epl17025bib14b">
<person-group person-group-type="author">
<name><surname>Xue</surname><given-names>J.&hyphen;K.</given-names></name>
<name><surname>Zhang</surname><given-names>A.&hyphen;X.</given-names></name>
<name><surname>Liu</surname><given-names>J.</given-names></name>
</person-group>
<year>2008</year>
<source>Phys. Rev. A</source>
<volume>77</volume>
<elocation-id content-type="artnum">013602</elocation-id>
</element-citation>
</ref>
<ref id="epl17025bib15">
<label>15</label>
<element-citation publication-type="journal">
<person-group person-group-type="author">
<name><surname>Bloch</surname><given-names>I.</given-names></name>
</person-group>
<year>2005</year>
<source>Nat. Phys.</source>
<volume>1</volume>
<fpage>23</fpage>
<comment>and references therein</comment>
</element-citation>
</ref>
<ref id="epl17025bib16">
<label>16</label>
<element-citation publication-type="journal">
<person-group person-group-type="author">
<name><surname>Gl&uuml;ck</surname><given-names>M.</given-names></name>
<name><surname>Kolovsky</surname><given-names>A. R.</given-names></name>
<name><surname>Korsch</surname><given-names>H. J.</given-names></name>
</person-group>
<year>2002</year>
<source>Phys. Rep.</source>
<volume>366</volume>
<fpage>103</fpage>
</element-citation>
</ref>
<ref id="epl17025bib17">
<label>17</label>
<element-citation publication-type="journal">
<person-group person-group-type="author">
<name><surname>Zhu</surname><given-names>S. L.</given-names></name>
<name><surname>Wang</surname><given-names>Z. D.</given-names></name>
</person-group>
<year>2000</year>
<source>Phys. Rev. Lett.</source>
<volume>85</volume>
<fpage>1076</fpage>
</element-citation>
</ref>
<ref id="epl17025bib18">
<label>18</label>
<element-citation publication-type="journal">
<person-group person-group-type="author">
<name><surname>Jaksch</surname><given-names>D.</given-names></name>
<name><surname>Zoller</surname><given-names>P.</given-names></name>
</person-group>
<year>2003</year>
<source>New J. Phys.</source>
<volume>5</volume>
<fpage>56</fpage>
</element-citation>
</ref>
<ref id="epl17025bib19">
<label>19</label>
<element-citation publication-type="journal">
<person-group person-group-type="author">
<name><surname>Lin</surname><given-names>Y. J.</given-names></name>
<name><surname>Compton</surname><given-names>R. L.</given-names></name>
<name><surname>Jim&eacute;nez&hyphen;Garc&iacute;a</surname><given-names>K.</given-names></name>
<name><surname>Porto</surname><given-names>J. V.</given-names></name>
<name><surname>Spielman</surname><given-names>I. B.</given-names></name>
</person-group>
<year>2009</year>
<source>Nature</source>
<volume>462</volume>
<fpage>628</fpage>
</element-citation>
</ref>
<ref id="epl17025bib20">
<label>20</label>
<element-citation publication-type="journal">
<person-group person-group-type="author">
<name><surname>Lin</surname><given-names>Y. J.</given-names></name>
<name><surname>Compton</surname><given-names>R. L.</given-names></name>
<name><surname>Perry</surname><given-names>A. R.</given-names></name>
<name><surname>Phillips</surname><given-names>W. D.</given-names></name>
<name><surname>Porto</surname><given-names>J. V.</given-names></name>
<name><surname>Spielman</surname><given-names>I. B.</given-names></name>
</person-group>
<year>2009</year>
<source>Phys. Rev. Lett.</source>
<volume>102</volume>
<elocation-id content-type="artnum">130401</elocation-id>
</element-citation>
</ref>
<ref id="epl17025bib21">
<label>21</label>
<element-citation publication-type="journal">
<person-group person-group-type="author">
<name><surname>Kolovsky</surname><given-names>A. R.</given-names></name>
</person-group>
<year>2011</year>
<source>EPL</source>
<volume>93</volume>
<elocation-id content-type="artnum">20003</elocation-id>
</element-citation>
</ref>
<ref id="epl17025bib22">
<label>22</label>
<element-citation publication-type="journal">
<person-group person-group-type="author">
<name><surname>Lin</surname><given-names>Y. J.</given-names></name>
<name><surname>Compton</surname><given-names>R. L.</given-names></name>
<name><surname>Jim&eacute;nez&hyphen;Garc&iacute;a</surname><given-names>K.</given-names></name>
<name><surname>Phillips</surname><given-names>W. D.</given-names></name>
<name><surname>Porto</surname><given-names>J. V.</given-names></name>
<name><surname>Spielman</surname><given-names>I.</given-names></name>
</person-group>
<year>2011</year>
<source>Nat. Phys.</source>
<volume>7</volume>
<fpage>531</fpage>
</element-citation>
</ref>
<ref id="epl17025bib23">
<label>23</label>
<element-citation publication-type="journal">
<person-group person-group-type="author">
<name><surname>Chien</surname><given-names>C.&hyphen;C.</given-names></name>
<name><surname>Ventra</surname><given-names>M. D.</given-names></name>
</person-group>
<year>2013</year>
<source>Phys. Rev. A</source>
<volume>87</volume>
<elocation-id content-type="artnum">023609</elocation-id>
</element-citation>
</ref>
<ref id="epl17025bib24">
<label>24</label>
<element-citation publication-type="journal">
<person-group person-group-type="author">
<name><surname>Towers</surname><given-names>J.</given-names></name>
<name><surname>Cormack</surname><given-names>S. C.</given-names></name>
<name><surname>Hutchinson</surname><given-names>D. A. W.</given-names></name>
</person-group>
<year>2013</year>
<source>Phys. Rev. A</source>
<volume>88</volume>
<elocation-id content-type="artnum">043625</elocation-id>
</element-citation>
</ref>
<ref id="epl17025bib25">
<label>25</label>
<element-citation publication-type="journal">
<person-group person-group-type="author">
<name><surname>Dalibard</surname><given-names>J.</given-names></name>
<name><surname>Gerbier</surname><given-names>F.</given-names></name>
<name><surname>Juzeli&umacr;nas</surname><given-names>G.</given-names></name>
<name><surname>&Ouml;hberg</surname><given-names>P.</given-names></name>
</person-group>
<year>2011</year>
<source>Rev. Mod. Phys.</source>
<volume>83</volume>
<fpage>1523</fpage>
</element-citation>
</ref>
<ref id="epl17025bib26">
<label>26</label>
<element-citation publication-type="journal">
<person-group person-group-type="author">
<name><surname>Iskin</surname><given-names>M.</given-names></name>
</person-group>
<year>2012</year>
<source>Eur. Phys. J. B</source>
<volume>85</volume>
<fpage>76</fpage>
</element-citation>
</ref>
<ref id="epl17025bib27">
<label>27</label>
<element-citation publication-type="journal">
<person-group person-group-type="author">
<name><surname>Oktel</surname><given-names>M. &Ouml;.</given-names></name>
<name><surname>Nita</surname><given-names>M.</given-names></name>
<name><surname>Tanatar</surname><given-names>B.</given-names></name>
</person-group>
<year>2007</year>
<source>Phys. Rev. A</source>
<volume>75</volume>
<elocation-id content-type="artnum">045133</elocation-id>
</element-citation>
</ref>
<ref id="epl17025bib28">
<label>28</label>
<element-citation publication-type="journal">
<person-group person-group-type="author">
<name><surname>Aidelsburger</surname><given-names>M.</given-names></name>
<name><surname>Atala</surname><given-names>M.</given-names></name>
<name><surname>Nascimb&egrave;ne</surname><given-names>S.</given-names></name>
<name><surname>Trotzky</surname><given-names>S.</given-names></name>
<name><surname>Chen</surname><given-names>Y.&hyphen;A.</given-names></name>
<name><surname>Bloch</surname><given-names>I.</given-names></name>
</person-group>
<year>2011</year>
<source>Phys. Rev. Lett.</source>
<volume>107</volume>
<elocation-id content-type="artnum">255301</elocation-id>
</element-citation>
</ref>
<ref id="epl17025bib29">
<label>29</label>
<element-citation publication-type="journal">
<person-group person-group-type="author">
<name><surname>Aidelsburger</surname><given-names>M.</given-names></name>
<name><surname>Atala</surname><given-names>M.</given-names></name>
<name><surname>Lohse</surname><given-names>M.</given-names></name>
<name><surname>Barreiro</surname><given-names>J. T.</given-names></name>
<name><surname>Paredes</surname><given-names>B.</given-names></name>
<name><surname>Bloch</surname><given-names>I.</given-names></name>
</person-group>
<year>2013</year>
<source>Phys. Rev. Lett.</source>
<volume>111</volume>
<elocation-id content-type="artnum">185301</elocation-id>
</element-citation>
</ref>
<ref id="epl17025bib30">
<label>30</label>
<element-citation publication-type="journal">
<person-group person-group-type="author">
<name><surname>Fisher</surname><given-names>M. P. A.</given-names></name>
<name><surname>Weichman</surname><given-names>P. B.</given-names></name>
<name><surname>Grinstein</surname><given-names>G.</given-names></name>
<name><surname>Fisher</surname><given-names>D. S.</given-names></name>
</person-group>
<year>1998</year>
<source>Phys. Rev. B</source>
<volume>40</volume>
<fpage>546</fpage>
</element-citation>
</ref>
<ref id="epl17025bib31">
<label>31</label>
<element-citation publication-type="journal">
<person-group person-group-type="author">
<name><surname>Jaksch</surname><given-names>D.</given-names></name>
<name><surname>Bruder</surname><given-names>C.</given-names></name>
<name><surname>Cirac</surname><given-names>J. I.</given-names></name>
<name><surname>Gardiner</surname><given-names>C. W.</given-names></name>
<name><surname>Zoller</surname><given-names>P.</given-names></name>
</person-group>
<year>1998</year>
<source>Phys. Rev. Lett.</source>
<volume>81</volume>
<fpage>3108</fpage>
<comment>and references therein</comment>
</element-citation>
</ref>
<ref id="epl17025bib32">
<label>32</label>
<element-citation publication-type="journal">
<person-group person-group-type="author">
<name><surname>Schmitt</surname><given-names>F.</given-names></name>
<name><surname>Hild</surname><given-names>M.</given-names></name>
<name><surname>Roth</surname><given-names>R.</given-names></name>
</person-group>
<year>2009</year>
<source>Phys. Rev. A</source>
<volume>80</volume>
<elocation-id content-type="artnum">023621</elocation-id>
</element-citation>
</ref>
<ref id="epl17025bib33">
<label>33</label>
<element-citation publication-type="journal">
<person-group person-group-type="author">
<name><surname>Guarrera</surname><given-names>V.</given-names></name>
<name><surname>Fallani</surname><given-names>L.</given-names></name>
<name><surname>Lye</surname><given-names>J. E.</given-names></name>
<name><surname>Fortand</surname><given-names>C.</given-names></name>
<name><surname>Inguscio</surname><given-names>M.</given-names></name>
</person-group>
<year>2007</year>
<source>New J. Phys. I</source>
<volume>9</volume>
<fpage>107</fpage>
</element-citation>
</ref>
<ref id="epl17025bib34">
<label>34</label>
<element-citation publication-type="journal">
<person-group person-group-type="author">
<name><surname>Lim</surname><given-names>L. K.</given-names></name>
<name><surname>Hemmerich</surname><given-names>A.</given-names></name>
<name><surname>Smith</surname><given-names>C. M.</given-names></name>
</person-group>
<year>2010</year>
<source>Phys. Rev. A</source>
<volume>81</volume>
<elocation-id content-type="artnum">023404</elocation-id>
</element-citation>
</ref>
<ref id="epl17025bib35">
<label>35</label>
<element-citation publication-type="journal">
<person-group person-group-type="author">
<name><surname>Jim&eacute;nez&hyphen;Garc&iacute;a</surname><given-names>K.</given-names></name>
<name><surname>LeBlanc</surname><given-names>L. J.</given-names></name>
<name><surname>Williams</surname><given-names>R. A.</given-names></name>
<name><surname>Beeler</surname><given-names>M. C.</given-names></name>
<name><surname>Perry</surname><given-names>A. R.</given-names></name>
<name><surname>Spielman</surname><given-names>I. B.</given-names></name>
</person-group>
<year>2012</year>
<source>Phys. Rev. Lett.</source>
<volume>108</volume>
<elocation-id content-type="artnum">225303</elocation-id>
</element-citation>
</ref>
<ref id="epl17025bib36">
<label>36</label>
<element-citation publication-type="journal">
<person-group person-group-type="author">
<name><surname>Smerzi</surname><given-names>A.</given-names></name>
<name><surname>Trombettoni</surname><given-names>A.</given-names></name>
<name><surname>Kevrekidis</surname><given-names>P. G.</given-names></name>
<name><surname>Bishop</surname><given-names>A. R.</given-names></name>
</person-group>
<year>2002</year>
<source>Phys. Rev. Lett.</source>
<volume>89</volume>
<elocation-id content-type="artnum">170402</elocation-id>
</element-citation>
</ref>
</ref-list>
</back>
</article>