<?xml version="1.0" encoding="ISO-8859-1"?>
<!DOCTYPE article PUBLIC "-//NLM//DTD Journal Publishing DTD v3.0 20080202//EN" "journalpublishing3.dtd">
<article article-type="rapid-communication" xmlns:mml="http://www.w3.org/1998/Math/MathML" xmlns:xlink="http://www.w3.org/1999/xlink">
<front>
<journal-meta>
<journal-id journal-id-type="publisher-id">epl</journal-id>
<journal-id journal-id-type="coden">EULEEJ</journal-id>
<journal-title-group>
<journal-title>Europhysics Letters</journal-title>
<abbrev-journal-title abbrev-type="IOP">EPL</abbrev-journal-title>
<abbrev-journal-title abbrev-type="publisher">EPL</abbrev-journal-title>
</journal-title-group>
<issn pub-type="ppub">0295-5075</issn>
<issn pub-type="epub">1286-4854</issn>
<publisher>
<publisher-name>EDP Sciences, IOP Publishing and Societ&agrave; Italiana di Fisica</publisher-name>
</publisher>
</journal-meta>
<article-meta>
<article-id pub-id-type="publisher-id">epl17027</article-id>
<article-id pub-id-type="doi">10.1209/0295-5075/110/10010</article-id>
<article-id pub-id-type="manuscript">17027</article-id>
<article-categories>
<subj-group subj-group-type="article-type">
<subject>Letter</subject>
</subj-group>
<subj-group subj-group-type="section">
<subject>00 General</subject>
</subj-group>
</article-categories>
<title-group>
<article-title>The semiclassical limit of scar intensities</article-title>
<alt-title alt-title-type="ascii">The semiclassical limit of scar intensities</alt-title>
<alt-title alt-title-type="short">The semiclassical limit of scar intensities</alt-title>
<alt-title alt-title-type="short-ascii">The semiclassical limit of scar intensities</alt-title>
</title-group>
<contrib-group content-type="all">
<contrib contrib-type="author">
<name><surname>Vergini</surname><given-names>Eduardo G.</given-names></name>
<xref ref-type="aff" rid="epl17027af1"/>
</contrib>
<aff id="epl17027af1">Departamento de F&iacute;sica, Comisi&oacute;n Nacional de Energ&iacute;a At&oacute;mica - Av. del Libertador 8250, (C1429BNP) Buenos Aires, Argentina and Escuela de Ciencia y Tecnolog&iacute;a, <institution>Universidad Nacional de General San Mart&iacute;n</institution> - Alem 3901, (B1653HIM) Villa Ballester, <country>Argentina</country></aff>
<author-comment content-type="short-author-list"><p>Eduardo G. Vergini</p>
</author-comment>
</contrib-group>
<pub-date pub-type="ppub"><month>4</month><year>2015</year></pub-date>
<pub-date pub-type="epub"><day>27</day><month>4</month><year>2015</year></pub-date>
<volume>110</volume>
<issue>1</issue>
<elocation-id content-type="artnum">10010</elocation-id>
<history>
<date date-type="received"><day>12</day><month>1</month><year>2015</year></date>
<date date-type="accepted"><day>4</day><month>4</month><year>2015</year></date>
</history>
<permissions>
<copyright-statement>Copyright &copy; EPLA, 2015</copyright-statement>
<copyright-year>2015</copyright-year>
</permissions>
<self-uri xlink:href="http://stacks.iop.org/EPL/110/10010"/>
<abstract>
<title>Abstract</title>
<p>By using a simple statistical model we find the distribution of scar intensities surviving the semiclassical limit. The obtained distribution is verified in a wide energy range of the quantum Bunimovich stadium billiard.</p>
</abstract>
<kwd-group kwd-group-type="author-pacs">
<kwd>05.45.Mt</kwd>
<kwd>03.65.Sq</kwd>
</kwd-group>
<counts>
<page-count count="6"/>
</counts>
<custom-meta-group>
<custom-meta>
<meta-name>ccc</meta-name>
<meta-value></meta-value>
</custom-meta>
<custom-meta><meta-name>printed</meta-name>
<meta-value>Printed in France</meta-value>
</custom-meta>
</custom-meta-group>
</article-meta>
</front>
<body>
<sec id="epl17027s1">
<title>Introduction</title>
<p>In 1984 Heller demonstrated the existence of special eigenfunctions in chaotic systems which are strongly influenced by short unstable periodic orbits&nbsp;[<xref ref-type="bibr" rid="epl17027bib1">1</xref>], and he named them eigenfunction scars. These scars are important because their quantum probability density is highly accumulated along the periodic orbit (PO); in particular, this type of localization results to be very strong on POs with small stability index. For this reason, scars were intensively studied at a theoretical level&nbsp;[<xref ref-type="bibr" rid="epl17027bib1">1</xref>&ndash;<xref ref-type="bibr" rid="epl17027bib13">13</xref>], and they have been observed in experimental and numerical works in microwave cavities&nbsp;[<xref ref-type="bibr" rid="epl17027bib14">14</xref>], hydrogen atoms in a magnetic field&nbsp;[<xref ref-type="bibr" rid="epl17027bib15">15</xref>], electrons in a resonant tunneling diode with magnetic field&nbsp;[<xref ref-type="bibr" rid="epl17027bib16">16</xref>], quantum dots&nbsp;[<xref ref-type="bibr" rid="epl17027bib17">17</xref>], optical fibers&nbsp;[<xref ref-type="bibr" rid="epl17027bib18">18</xref>], graphene sheets&nbsp;[<xref ref-type="bibr" rid="epl17027bib19">19</xref>] and optical microcavities&nbsp;[<xref ref-type="bibr" rid="epl17027bib20">20</xref>].</p>
<p>In 2000, we obtained a recipe without free parameters for constructing a quantum state in the neighborhood of an unstable PO with stability index <italic>&lambda;</italic>&nbsp;[<xref ref-type="bibr" rid="epl17027bib8">8</xref>,<xref ref-type="bibr" rid="epl17027bib21">21</xref>]. The so-called resonance is a configuration space representation of this state consisting of the product of two functions: a local plane wave along the PO, and a transverse wave packet that evolves according to a modified dynamics (we eliminate the contraction-expansion contribution to the motion in the vicinity of the PO). After one turn around the PO the transverse wave packet accumulates the phase <inline-formula id="epl17027ieqn2"><tex-math><?CDATA $S_P/\hbar- \mu \pi /2$ ?></tex-math>
<inline-graphic xmlns:xlink="http://www.w3.org/1999/xlink" xlink:href="epl17027ieqn2.gif"/>
</inline-formula>, with <inline-formula id="epl17027ieqn3"><tex-math><?CDATA $S_P$ ?></tex-math>
<inline-graphic xmlns:xlink="http://www.w3.org/1999/xlink" xlink:href="epl17027ieqn3.gif"/>
</inline-formula> the action of the PO and <italic>&mu;</italic> its Maslov index, and we define the Bohr-Sommerfeld energy <inline-formula id="epl17027ieqn5"><tex-math><?CDATA $E_n$ ?></tex-math>
<inline-graphic xmlns:xlink="http://www.w3.org/1999/xlink" xlink:href="epl17027ieqn5.gif"/>
</inline-formula> by the condition <inline-formula id="epl17027ieqn6"><tex-math><?CDATA $ S_P/\hbar- \mu \pi /2=2 \pi n$ ?></tex-math>
<inline-graphic xmlns:xlink="http://www.w3.org/1999/xlink" xlink:href="epl17027ieqn6.gif"/>
</inline-formula>. Then, the constructed state, <inline-formula id="epl17027ieqn7"><tex-math><?CDATA $| n \rangle$ ?></tex-math>
<inline-graphic xmlns:xlink="http://www.w3.org/1999/xlink" xlink:href="epl17027ieqn7.gif"/>
</inline-formula>, has mean energy and energy dispersion
<disp-formula id="epl17027eqn1">
<label>1</label><tex-math><?CDATA \begin{equation}\langle n | \hat{H} | n \rangle \simeq E_n, \quad \sigma_E=\sqrt{\langle n | (\hat{H} -E_n)^2 | n \rangle} \simeq \frac{\hbar \lambda}{\sqrt{2}}. \end{equation} ?></tex-math>
<graphic xmlns:xlink="http://www.w3.org/1999/xlink" xlink:href="epl17027eqn1.gif"/>
</disp-formula></p>
<p>An important step for understanding scars was recently given with the development of a semiclassical formula to evaluate the intensities, <inline-formula id="epl17027ieqn8"><tex-math><?CDATA $| \langle \nu | n \rangle |^2$ ?></tex-math>
<inline-graphic xmlns:xlink="http://www.w3.org/1999/xlink" xlink:href="epl17027ieqn8.gif"/>
</inline-formula>, of <inline-formula id="epl17027ieqn9"><tex-math><?CDATA $| n \rangle$ ?></tex-math>
<inline-graphic xmlns:xlink="http://www.w3.org/1999/xlink" xlink:href="epl17027ieqn9.gif"/>
</inline-formula> in the basis of eigenstates <inline-formula id="epl17027ieqn10"><tex-math><?CDATA $\{ | \nu \rangle \}$ ?></tex-math>
<inline-graphic xmlns:xlink="http://www.w3.org/1999/xlink" xlink:href="epl17027ieqn10.gif"/>
</inline-formula>&nbsp;[<xref ref-type="bibr" rid="epl17027bib13">13</xref>]. These intensities, which we name the scar intensities of the PO, are described by the peaks of a continuous function of the energy
<disp-formula id="epl17027eqn2">
<label>2</label><tex-math><?CDATA \begin{equation}
I(E) \simeq \frac{\tilde{F} [(E-E_n) / \hbar \lambda]}{\lambda} \frac{\Sigma (E)}{ t_H},
\end{equation} ?></tex-math>
<graphic xmlns:xlink="http://www.w3.org/1999/xlink" xlink:href="epl17027eqn2.gif"/>
</disp-formula>
where <inline-formula id="epl17027ieqn11"><tex-math><?CDATA $\tilde{F} [(E-E_n)/ \hbar \lambda]$ ?></tex-math>
<inline-graphic xmlns:xlink="http://www.w3.org/1999/xlink" xlink:href="epl17027ieqn11.gif"/>
</inline-formula> is a slowly varying function, with <inline-formula id="epl17027ieqn12"><tex-math><?CDATA $\tilde{F} (x)$ ?></tex-math>
<inline-graphic xmlns:xlink="http://www.w3.org/1999/xlink" xlink:href="epl17027ieqn12.gif"/>
</inline-formula> the Fourier transform of <inline-formula id="epl17027ieqn13"><tex-math><?CDATA $ 1/ \sqrt{\cosh (x)}$ ?></tex-math>
<inline-graphic xmlns:xlink="http://www.w3.org/1999/xlink" xlink:href="epl17027ieqn13.gif"/>
</inline-formula>. In contrast, <inline-formula id="epl17027ieqn14"><tex-math><?CDATA $\Sigma (E)$ ?></tex-math>
<inline-graphic xmlns:xlink="http://www.w3.org/1999/xlink" xlink:href="epl17027ieqn14.gif"/>
</inline-formula> is a strongly oscillatory function consisting of a sum over the set of homoclinic orbits of the PO, with excursion time smaller than the Heisenberg time <inline-formula id="epl17027ieqn15"><tex-math><?CDATA $t_H$ ?></tex-math>
<inline-graphic xmlns:xlink="http://www.w3.org/1999/xlink" xlink:href="epl17027ieqn15.gif"/>
</inline-formula>.</p>
<p>Our goal in this letter is to provide a statistical description of the scar intensities. We introduce a simple model, similar to the one presented in ref.&nbsp;[<xref ref-type="bibr" rid="epl17027bib22">22</xref>], by assuming no correlation among homoclinic contributions. Then, the peaks of the second factor in eq.&nbsp;(<xref ref-type="disp-formula" rid="epl17027eqn2">2</xref>) are taken into account by a set of independent random variables. In order to verify this assumption we study in detail the strongest scar intensity, comparing the obtained expressions with numerical data extracted from the quantum Bunimovich stadium billiard. Finally, the formulae are generalized to other scar intensities.</p>
<p>Specifically, we study the strongest scar intensity of <inline-formula id="epl17027ieqn16"><tex-math><?CDATA $| n \rangle$ ?></tex-math>
<inline-graphic xmlns:xlink="http://www.w3.org/1999/xlink" xlink:href="epl17027ieqn16.gif"/>
</inline-formula>,
<disp-formula id="epl17027ueqn1"><tex-math><?CDATA \begin{equation*}
I_n = \mathrm{maximum} \{ | \langle \nu | n \rangle |^2 \},
\end{equation*} ?></tex-math>
<graphic xmlns:xlink="http://www.w3.org/1999/xlink" xlink:href="epl17027ueqn1.gif"/>
</disp-formula>
and we are able to obtain its mean value, <inline-formula id="epl17027ieqn17"><tex-math><?CDATA $\bar{I}(s)$ ?></tex-math>
<inline-graphic xmlns:xlink="http://www.w3.org/1999/xlink" xlink:href="epl17027ieqn17.gif"/>
</inline-formula>, and dispersion, <inline-formula id="epl17027ieqn18"><tex-math><?CDATA $\sigma (s)$ ?></tex-math>
<inline-graphic xmlns:xlink="http://www.w3.org/1999/xlink" xlink:href="epl17027ieqn18.gif"/>
</inline-formula>. Here the dimensionless parameter <italic>s</italic>, which depends on <italic>n</italic>, is given by (see&nbsp;(<xref ref-type="disp-formula" rid="epl17027eqn1">1</xref>))<xref ref-type="fn" rid="epl17027fn1"><sup>1</sup></xref><fn id="epl17027fn1"><label>1</label><p>The parameter <italic>s</italic> was named <italic>n</italic> in ref.&nbsp;[<xref ref-type="bibr" rid="epl17027bib22">22</xref>].</p></fn>
<disp-formula id="epl17027eqn3">
<label>3</label><tex-math><?CDATA \begin{equation}
s= \rho_E \sigma_E \simeq \rho_E \frac{\hbar \lambda}{ \sqrt{2}} =\text{O} (\hbar^{1-d}),
\end{equation} ?></tex-math>
<graphic xmlns:xlink="http://www.w3.org/1999/xlink" xlink:href="epl17027eqn3.gif"/>
</disp-formula>
with <inline-formula id="epl17027ieqn19"><tex-math><?CDATA $\rho_E$ ?></tex-math>
<inline-graphic xmlns:xlink="http://www.w3.org/1999/xlink" xlink:href="epl17027ieqn19.gif"/>
</inline-formula> the mean energy density and <italic>d</italic> the degrees of freedom. This parameter represents the mean number of intensities contained in an energy window equal to <inline-formula id="epl17027ieqn20"><tex-math><?CDATA $\sigma_E$ ?></tex-math>
<inline-graphic xmlns:xlink="http://www.w3.org/1999/xlink" xlink:href="epl17027ieqn20.gif"/>
</inline-formula>, and goes to infinity in the semiclassical limit <inline-formula id="epl17027ieqn21"><tex-math><?CDATA $(n \rightarrow \infty)$ ?></tex-math>
<inline-graphic xmlns:xlink="http://www.w3.org/1999/xlink" xlink:href="epl17027ieqn21.gif"/>
</inline-formula>.</p>
<p>Furthermore, by writing <inline-formula id="epl17027ieqn22"><tex-math><?CDATA $I_n$ ?></tex-math>
<inline-graphic xmlns:xlink="http://www.w3.org/1999/xlink" xlink:href="epl17027ieqn22.gif"/>
</inline-formula> in terms of the universal intensity
<disp-formula id="epl17027eqn4">
<label>4</label><tex-math><?CDATA \begin{equation}
u_n= \frac {\pi}{\sqrt{6}} \frac{ I_n - \bar{I}(s)}{ \sigma (s)},
\end{equation} ?></tex-math>
<graphic xmlns:xlink="http://www.w3.org/1999/xlink" xlink:href="epl17027eqn4.gif"/>
</disp-formula>
we show that <inline-formula id="epl17027ieqn23"><tex-math><?CDATA $u_n$ ?></tex-math>
<inline-graphic xmlns:xlink="http://www.w3.org/1999/xlink" xlink:href="epl17027ieqn23.gif"/>
</inline-formula> is described in the semiclassical limit by a random variable, <italic>u</italic>, with probability density
<disp-formula id="epl17027eqn5">
<label>5</label><tex-math><?CDATA \begin{equation}
f(u)= \exp (-u -\gamma-\text{e}^{- u-\gamma}),
\end{equation} ?></tex-math>
<graphic xmlns:xlink="http://www.w3.org/1999/xlink" xlink:href="epl17027eqn5.gif"/>
</disp-formula>
where <inline-formula id="epl17027ieqn24"><tex-math><?CDATA $\gamma \approx 0.5772$ ?></tex-math>
<inline-graphic xmlns:xlink="http://www.w3.org/1999/xlink" xlink:href="epl17027ieqn24.gif"/>
</inline-formula> is the Euler constant. This result indicates that <inline-formula id="epl17027ieqn25"><tex-math><?CDATA $u_n$ ?></tex-math>
<inline-graphic xmlns:xlink="http://www.w3.org/1999/xlink" xlink:href="epl17027ieqn25.gif"/>
</inline-formula> puts on equal footing all scar intensities, independently of the energy and the PO, and even independently of the used dynamical system.</p>
<p>Finally, the previously mentioned study is generalized to the other scar intensities, with eq.&nbsp;(<xref ref-type="disp-formula" rid="epl17027eqn23">23</xref>) being the generalization of eq.&nbsp;(<xref ref-type="disp-formula" rid="epl17027eqn5">5</xref>).</p>
<p>The letter is organized as follows. First, the model is presented. Then, we find asymptotic expressions and heuristic corrections (valid for small values of <italic>s</italic>) for the strongest intensity, and compare these expressions with numerical data. Later, asymptotic expressions for the other scar intensities are derived. Finally, the definition of scar intensity and other important questions are discussed.</p>
</sec>
<sec id="epl17027s2">
<title>The statistical model</title>
<p>In ref.&nbsp;[<xref ref-type="bibr" rid="epl17027bib22">22</xref>] we have used a random wave hypothesis to study chaotic eigenfunctions in systems satisfying time reversal. This means that the expansion <inline-formula id="epl17027ieqn26"><tex-math><?CDATA $| n \rangle = \sum \langle \nu | n \rangle | \nu \rangle$ ?></tex-math>
<inline-graphic xmlns:xlink="http://www.w3.org/1999/xlink" xlink:href="epl17027ieqn26.gif"/>
</inline-formula> is evaluated by replacing the amplitudes <inline-formula id="epl17027ieqn27"><tex-math><?CDATA $\langle \nu | n \rangle$ ?></tex-math>
<inline-graphic xmlns:xlink="http://www.w3.org/1999/xlink" xlink:href="epl17027ieqn27.gif"/>
</inline-formula> with independent random Gaussian distributions with zero mean, and satisfying globally the mean values imposed by eq.&nbsp;(<xref ref-type="disp-formula" rid="epl17027eqn1">1</xref>).</p>
<p>Here we apply an equivalent idea to the previous semiclassical formula (eq.&nbsp;(<xref ref-type="disp-formula" rid="epl17027eqn2">2</xref>)). In this case we say that by assuming no correlation among homoclinic contributions, the peak heights of <inline-formula id="epl17027ieqn28"><tex-math><?CDATA $I (E)$ ?></tex-math>
<inline-graphic xmlns:xlink="http://www.w3.org/1999/xlink" xlink:href="epl17027ieqn28.gif"/>
</inline-formula> should be described by a chi-squared distribution with 1 degree of freedom, and with mean value determined by the envelope <inline-formula id="epl17027ieqn29"><tex-math><?CDATA $\tilde{F} [(E-E_n) / \hbar \lambda]$ ?></tex-math>
<inline-graphic xmlns:xlink="http://www.w3.org/1999/xlink" xlink:href="epl17027ieqn29.gif"/>
</inline-formula>. We notice that similar ideas were presented in refs.&nbsp;[<xref ref-type="bibr" rid="epl17027bib6">6</xref>,<xref ref-type="bibr" rid="epl17027bib23">23</xref>].</p>
<p>Specifically, a realization of a resonance with parameter <italic>s</italic> consists of <inline-formula id="epl17027ieqn30"><tex-math><?CDATA $2 N+1$ ?></tex-math>
<inline-graphic xmlns:xlink="http://www.w3.org/1999/xlink" xlink:href="epl17027ieqn30.gif"/>
</inline-formula> intensities<xref ref-type="fn" rid="epl17027fn2"><sup>2</sup></xref>
<fn id="epl17027fn2"><label>2</label><p>Even though the number of intensities is infinite, in practice we use <inline-formula id="epl17027ieqn31"><tex-math><?CDATA $N \approx 6 s$ ?></tex-math>
<inline-graphic xmlns:xlink="http://www.w3.org/1999/xlink" xlink:href="epl17027ieqn31.gif"/>
</inline-formula> corresponding to an energy window <inline-formula id="epl17027ieqn32"><tex-math><?CDATA $E_n \pm 6 \sigma_E$ ?></tex-math>
<inline-graphic xmlns:xlink="http://www.w3.org/1999/xlink" xlink:href="epl17027ieqn32.gif"/>
</inline-formula>. This is sufficient because relevant intensities are essentially concentrated in a window <inline-formula id="epl17027ieqn33"><tex-math><?CDATA $E_n \pm 2 \sigma_E$ ?></tex-math>
<inline-graphic xmlns:xlink="http://www.w3.org/1999/xlink" xlink:href="epl17027ieqn33.gif"/>
</inline-formula>.</p></fn>,
<disp-formula id="epl17027eqn6">
<label>6</label><tex-math><?CDATA \begin{equation}
I_i=\frac{v_i^2 \tilde{F}_i}{\sqrt{2} s},\quad \text{ for } \quad i=-N,\dots, N,
\end{equation} ?></tex-math>
<graphic xmlns:xlink="http://www.w3.org/1999/xlink" xlink:href="epl17027eqn6.gif"/>
</disp-formula>
where <inline-formula id="epl17027ieqn34"><tex-math><?CDATA $v_i$ ?></tex-math>
<inline-graphic xmlns:xlink="http://www.w3.org/1999/xlink" xlink:href="epl17027ieqn34.gif"/>
</inline-formula> is normally distributed with mean 0 and variance 1, and the height <inline-formula id="epl17027ieqn35"><tex-math><?CDATA $\tilde{F}_i$ ?></tex-math>
<inline-graphic xmlns:xlink="http://www.w3.org/1999/xlink" xlink:href="epl17027ieqn35.gif"/>
</inline-formula> is the mean value of <inline-formula id="epl17027ieqn36"><tex-math><?CDATA $\tilde{F}(x)$ ?></tex-math>
<inline-graphic xmlns:xlink="http://www.w3.org/1999/xlink" xlink:href="epl17027ieqn36.gif"/>
</inline-formula> in the range <inline-formula id="epl17027ieqn37"><tex-math><?CDATA $i-1+\phi <\sqrt{2} s x <i+\phi$ ?></tex-math>
<inline-graphic xmlns:xlink="http://www.w3.org/1999/xlink" xlink:href="epl17027ieqn37.gif"/>
</inline-formula>, with <italic>&phi;</italic> being a random variable with uniform distribution in the interval <inline-formula id="epl17027ieqn39"><tex-math><?CDATA $[0,1)$ ?></tex-math>
<inline-graphic xmlns:xlink="http://www.w3.org/1999/xlink" xlink:href="epl17027ieqn39.gif"/>
</inline-formula> (see footnote&nbsp;<xref ref-type="fn" rid="epl17027fn3"><sup>3</sup></xref><fn id="epl17027fn3"><label>3</label><p>The variable <italic>&phi;</italic> is not correlated with the other random variables <inline-formula id="epl17027ieqn41"><tex-math><?CDATA $v_i$ ?></tex-math>
<inline-graphic xmlns:xlink="http://www.w3.org/1999/xlink" xlink:href="epl17027ieqn41.gif"/>
</inline-formula> and so, one may use the same <italic>&phi;</italic> for several realizations.</p></fn>). With <inline-formula id="epl17027ieqn43"><tex-math><?CDATA $\tilde{F}(x)$ ?></tex-math>
<inline-graphic xmlns:xlink="http://www.w3.org/1999/xlink" xlink:href="epl17027ieqn43.gif"/>
</inline-formula> normalized to the unity, the realization is accepted if <inline-formula id="epl17027ieqn44"><tex-math><?CDATA $ | 1 - \sum I_i | < \epsilon \ll 1$ ?></tex-math>
<inline-graphic xmlns:xlink="http://www.w3.org/1999/xlink" xlink:href="epl17027ieqn44.gif"/>
</inline-formula> (we use <inline-formula id="epl17027ieqn45"><tex-math><?CDATA $\epsilon= 0.01$ ?></tex-math>
<inline-graphic xmlns:xlink="http://www.w3.org/1999/xlink" xlink:href="epl17027ieqn45.gif"/>
</inline-formula> in the numerics). Then, one selects the scar intensity <inline-formula id="epl17027ieqn46"><tex-math><?CDATA $I= \mathrm{maximum}\{I_i\}$ ?></tex-math>
<inline-graphic xmlns:xlink="http://www.w3.org/1999/xlink" xlink:href="epl17027ieqn46.gif"/>
</inline-formula>.</p>
<p>We have numerically evaluated the mean value, <inline-formula id="epl17027ieqn47"><tex-math><?CDATA $\bar{I}(s)$ ?></tex-math>
<inline-graphic xmlns:xlink="http://www.w3.org/1999/xlink" xlink:href="epl17027ieqn47.gif"/>
</inline-formula>, and dispersion, <inline-formula id="epl17027ieqn48"><tex-math><?CDATA $\sigma (s)$ ?></tex-math>
<inline-graphic xmlns:xlink="http://www.w3.org/1999/xlink" xlink:href="epl17027ieqn48.gif"/>
</inline-formula>, of <italic>I</italic> for several values of <italic>s</italic> by using 10<sup>6</sup> realizations for each <italic>s</italic>. Figures&nbsp;<xref ref-type="fig" rid="epl17027fig1">1</xref>(a) and (b) display the data and also show asymptotic expressions and heuristic corrections (valid for small <italic>s</italic>) discussed below. Figure&nbsp;<xref ref-type="fig" rid="epl17027fig1">1</xref>(c) shows the probability density of the universal intensity for finite values of <italic>s</italic> and the asymptotic density <italic>f</italic>(<italic>u</italic>) given by eq.&nbsp;(<xref ref-type="disp-formula" rid="epl17027eqn5">5</xref>). Finally, fig.&nbsp;<xref ref-type="fig" rid="epl17027fig1">1</xref>(d) shows the difference between the density for finite values of <italic>s</italic> and <italic>f</italic>(<italic>u</italic>). From fig.&nbsp;<xref ref-type="fig" rid="epl17027fig1">1</xref>(d) it is clear that differences are very small for <inline-formula id="epl17027ieqn50"><tex-math><?CDATA $s>4$ ?>
</tex-math>
<inline-graphic xmlns:xlink="http://www.w3.org/1999/xlink" xlink:href="epl17027ieqn50.gif"/>
</inline-formula> although the convergency is slow; in fact, we prove below that it goes to zero as <inline-formula id="epl17027ieqn51"><tex-math><?CDATA $1/\ln^2 s$ ?></tex-math>
<inline-graphic xmlns:xlink="http://www.w3.org/1999/xlink" xlink:href="epl17027ieqn51.gif"/>
</inline-formula>.</p>
<fig id="epl17027fig1" position="float" fig-type="figure">
<label>Fig. 1:</label>
<caption id="epl17027fc1">
<p>(Colour on-line) (a) Numerical data of <inline-formula id="epl17027ieqn52"><tex-math><?CDATA $\bar{I}(s)$ ?></tex-math>
<inline-graphic xmlns:xlink="http://www.w3.org/1999/xlink" xlink:href="epl17027ieqn52.gif"/>
</inline-formula> (+), asymptotic approximation given by eq.&nbsp;(<xref ref-type="disp-formula" rid="epl17027eqn18">18</xref>) (dashed line) and well-behaved heuristic correction given by eq.&nbsp;(<xref ref-type="disp-formula" rid="epl17027eqn20">20</xref>) (solid line). (b) Same as (a) but for <inline-formula id="epl17027ieqn53"><tex-math><?CDATA $\sigma(s)$ ?></tex-math>
<inline-graphic xmlns:xlink="http://www.w3.org/1999/xlink" xlink:href="epl17027ieqn53.gif"/>
</inline-formula>. (c) Probability density for <italic>s</italic>&nbsp;=&nbsp;1 (dashed line), <italic>s</italic>&nbsp;=&nbsp;2 (short-dashed line) and the asymptotic density <italic>f</italic>(<italic>u</italic>) given by eq.&nbsp;(<xref ref-type="disp-formula" rid="epl17027eqn5">5</xref>) (solid line). (d) Difference between the probability density for finite <italic>s</italic> and <italic>f</italic>(<italic>u</italic>), for <italic>s</italic>&nbsp;=&nbsp;4 (dashed line), <italic>s</italic>&nbsp;=&nbsp;10 (short-dashed line), <italic>s</italic>&nbsp;=&nbsp;1000 (solid line) and <italic>s</italic>&nbsp;=&nbsp;15000 (thin solid line).</p>
</caption>
<graphic id="epl17027f1_eps" content-type="print" xlink:href="epl17027f1_pr.eps"/>
<graphic id="epl17027f1_online" content-type="online" xlink:href="epl17027f1_online.jpg"/>
</fig>
</sec>
<sec id="epl17027s3">
<title>Theoretical derivation</title>
<p>By using the general asymptotic method described in Chapt. 28 of ref.&nbsp;[<xref ref-type="bibr" rid="epl17027bib24">24</xref>], we find asymptotic expressions for <inline-formula id="epl17027ieqn54"><tex-math><?CDATA $\bar{I}(s)$ ?></tex-math>
<inline-graphic xmlns:xlink="http://www.w3.org/1999/xlink" xlink:href="epl17027ieqn54.gif"/>
</inline-formula> and <inline-formula id="epl17027ieqn55"><tex-math><?CDATA $\sigma (s)$ ?></tex-math>
<inline-graphic xmlns:xlink="http://www.w3.org/1999/xlink" xlink:href="epl17027ieqn55.gif"/>
</inline-formula>, and show that the probability density of the universal intensity, <italic>u</italic>, converges to the function <italic>f</italic>(<italic>u</italic>) of eq.&nbsp;(<xref ref-type="disp-formula" rid="epl17027eqn5">5</xref>) as <inline-formula id="epl17027ieqn56"><tex-math><?CDATA $s \rightarrow \infty$ ?></tex-math>
<inline-graphic xmlns:xlink="http://www.w3.org/1999/xlink" xlink:href="epl17027ieqn56.gif"/>
</inline-formula>.</p>
<p>First, the mean value of <inline-formula id="epl17027ieqn57"><tex-math><?CDATA $\sum I_i$ ?></tex-math>
<inline-graphic xmlns:xlink="http://www.w3.org/1999/xlink" xlink:href="epl17027ieqn57.gif"/>
</inline-formula> results in (see eq.&nbsp;(<xref ref-type="disp-formula" rid="epl17027eqn6">6</xref>))
<disp-formula id="epl17027ueqn2"><tex-math><?CDATA \begin{equation*}
\sum_{i=-N}^{N}\frac{ \tilde{F}_i}{\sqrt{2} s}= \int_{-N-1+\phi}^{N+\phi} \frac {\tilde{F}(\epsilon /\sqrt{2} s)} {\sqrt{2} s} \text{d}\epsilon = \int \tilde{F}(x) \text{d}x,
\end{equation*} ?></tex-math>
<graphic xmlns:xlink="http://www.w3.org/1999/xlink" xlink:href="epl17027ueqn2.gif"/>
</disp-formula>
where the integral converges to the unity for large <italic>N</italic>/<italic>s</italic>. The variable <inline-formula id="epl17027ieqn58"><tex-math><?CDATA $\epsilon= (E- E_n) \rho_E$ ?></tex-math>
<inline-graphic xmlns:xlink="http://www.w3.org/1999/xlink" xlink:href="epl17027ieqn58.gif"/>
</inline-formula> is the energy in units of the mean level spacing, and one identifies the integrand with the envelope normalized by the variable <italic>&epsiv;</italic>
<disp-formula id="epl17027eqn7">
<label>7</label><tex-math><?CDATA \begin{equation}
\tilde{I}(\epsilon)=\frac{\tilde{F}(\epsilon /\sqrt{2} s)}{\sqrt{2} s}.
\end{equation} ?></tex-math>
<graphic xmlns:xlink="http://www.w3.org/1999/xlink" xlink:href="epl17027eqn7.gif"/>
</disp-formula></p>
<p>At the position <italic>&epsiv;</italic>, an intensity is described by a random variable satisfying a 1 degree of freedom chi-square distribution with mean value <inline-formula id="epl17027ieqn61"><tex-math><?CDATA $\tilde{I}(\epsilon)$ ?></tex-math>
<inline-graphic xmlns:xlink="http://www.w3.org/1999/xlink" xlink:href="epl17027ieqn61.gif"/>
</inline-formula> and so, the complementary distribution function is given by
<disp-formula id="epl17027eqn8">
<label>8</label><tex-math><?CDATA \begin{equation}
F_c (I,\epsilon)= \sqrt{\frac{2}{\pi \alpha}} \text{e}^{-\alpha/2} \left(1-\frac{1}{\alpha}+\frac{3}{\alpha^2}+ \cdots \right),
\end{equation} ?></tex-math>
<graphic xmlns:xlink="http://www.w3.org/1999/xlink" xlink:href="epl17027eqn8.gif"/>
</disp-formula>
with <inline-formula id="epl17027ieqn62"><tex-math><?CDATA $\alpha =I/\tilde{I}(\epsilon) > 1$ ?>
</tex-math>
<inline-graphic xmlns:xlink="http://www.w3.org/1999/xlink" xlink:href="epl17027ieqn62.gif"/>
</inline-formula>, while the corresponding distribution for an intensity at arbitrary position results in
<disp-formula id="epl17027eqn9">
<label>9</label><tex-math><?CDATA \begin{equation}
F_c(I)=\frac{1}{2N+1} \int F_c (I,\epsilon) \text{d}\epsilon.
\end{equation} ?></tex-math>
<graphic xmlns:xlink="http://www.w3.org/1999/xlink" xlink:href="epl17027eqn9.gif"/>
</disp-formula></p>
<p>To solve eq.&nbsp;(<xref ref-type="disp-formula" rid="epl17027eqn9">9</xref>) we expand the envelope around zero
<disp-formula id="epl17027ueqn3"><tex-math><?CDATA \begin{equation*}
\tilde{F}(x)=\frac{a}{[1+(x/b)^2+c (x/b)^4 + d (x/b)^6 + \cdots]},
\end{equation*} ?></tex-math>
<graphic xmlns:xlink="http://www.w3.org/1999/xlink" xlink:href="epl17027ueqn3.gif"/>
</disp-formula>
with <inline-formula id="epl17027ieqn63"><tex-math><?CDATA $a \approx 0.8346$ ?></tex-math>
<inline-graphic xmlns:xlink="http://www.w3.org/1999/xlink" xlink:href="epl17027ieqn63.gif"/>
</inline-formula>, <inline-formula id="epl17027ieqn64"><tex-math><?CDATA $b\approx 0.4823$ ?></tex-math>
<inline-graphic xmlns:xlink="http://www.w3.org/1999/xlink" xlink:href="epl17027ieqn64.gif"/>
</inline-formula>, <inline-formula id="epl17027ieqn65"><tex-math><?CDATA $c \approx 0.0664$ ?></tex-math>
<inline-graphic xmlns:xlink="http://www.w3.org/1999/xlink" xlink:href="epl17027ieqn65.gif"/>
</inline-formula> and <inline-formula id="epl17027ieqn66"><tex-math><?CDATA $d\approx 0.0015$ ?></tex-math>
<inline-graphic xmlns:xlink="http://www.w3.org/1999/xlink" xlink:href="epl17027ieqn66.gif"/>
</inline-formula>, and we rewrite the factors of eq.&nbsp;(<xref ref-type="disp-formula" rid="epl17027eqn8">8</xref>) by using eq.&nbsp;(<xref ref-type="disp-formula" rid="epl17027eqn7">7</xref>),
<disp-formula id="epl17027ueqn4"><tex-math><?CDATA \begin{equation*}
\text{e}^{-\alpha/2}=\text{e}^{-y-y r^2/2} \left( 1- yc \frac{r^4}{4} -y d \frac{r^6}{8} +y^2 c^2 \frac{r^8}{32} +\cdots \right),
\end{equation*} ?></tex-math>
<graphic xmlns:xlink="http://www.w3.org/1999/xlink" xlink:href="epl17027ueqn4.gif"/>
</disp-formula>
<inline-formula id="epl17027ieqn67"><tex-math><?CDATA $\sqrt{2/\pi \alpha} = [1-r^2/4+ (3-4c) r^4/32 +\cdots] /\sqrt{ \pi y}$ ?></tex-math>
<inline-graphic xmlns:xlink="http://www.w3.org/1999/xlink" xlink:href="epl17027ieqn67.gif"/>
</inline-formula> and <inline-formula id="epl17027ieqn68"><tex-math><?CDATA $1-1/\alpha+ 3/\alpha^2 = 1 - 1/2 y + r^2/4y + 3/ 4 y^2 + \cdots$ ?></tex-math>
<inline-graphic xmlns:xlink="http://www.w3.org/1999/xlink" xlink:href="epl17027ieqn68.gif"/>
</inline-formula>, where
<disp-formula id="epl17027eqn10">
<label>10</label><tex-math><?CDATA \begin{equation}
y= \frac{ s I} {\sqrt{2} a},
\end{equation} ?></tex-math>
<graphic xmlns:xlink="http://www.w3.org/1999/xlink" xlink:href="epl17027eqn10.gif"/>
</disp-formula>
and the integration variable <inline-formula id="epl17027ieqn69"><tex-math><?CDATA $r=\epsilon/sb$ ?></tex-math>
<inline-graphic xmlns:xlink="http://www.w3.org/1999/xlink" xlink:href="epl17027ieqn69.gif"/>
</inline-formula>. Then, eq.&nbsp;(<xref ref-type="disp-formula" rid="epl17027eqn9">9</xref>) is computed in terms of Gaussian integrals
<disp-formula id="epl17027eqn11">
<label>11</label><tex-math><?CDATA \begin{equation}
F_c(I) = \frac{\sqrt{2} s b}{2N+1} \frac{\text{e}^{-y}}{y} \left( 1 -\frac{A}{y} + \frac{B}{y^2}+\cdots \right),
\end{equation} ?></tex-math>
<graphic xmlns:xlink="http://www.w3.org/1999/xlink" xlink:href="epl17027eqn11.gif"/>
</disp-formula>
with <inline-formula id="epl17027ieqn70"><tex-math><?CDATA $A=3 (1+c)/4 \approx 4/5$ ?></tex-math>
<inline-graphic xmlns:xlink="http://www.w3.org/1999/xlink" xlink:href="epl17027ieqn70.gif"/>
</inline-formula> and <inline-formula id="epl17027ieqn71"><tex-math><?CDATA $B=15 (3+2c+7 c^2-4 d)/32 \approx 37/25$ ?></tex-math>
<inline-graphic xmlns:xlink="http://www.w3.org/1999/xlink" xlink:href="epl17027ieqn71.gif"/>
</inline-formula>.</p>
<p>Now, we take <inline-formula id="epl17027ieqn72"><tex-math><?CDATA $N_1=2N+1$ ?></tex-math>
<inline-graphic xmlns:xlink="http://www.w3.org/1999/xlink" xlink:href="epl17027ieqn72.gif"/>
</inline-formula> independent random variables <inline-formula id="epl17027ieqn73"><tex-math><?CDATA $I_i$ ?></tex-math>
<inline-graphic xmlns:xlink="http://www.w3.org/1999/xlink" xlink:href="epl17027ieqn73.gif"/>
</inline-formula> with complementary distribution <inline-formula id="epl17027ieqn74"><tex-math><?CDATA $F_c(I)$ ?></tex-math>
<inline-graphic xmlns:xlink="http://www.w3.org/1999/xlink" xlink:href="epl17027ieqn74.gif"/>
</inline-formula> and select the highest one. Obtaining the distribution of the maximum is simple<xref ref-type="fn" rid="epl17027fn4"><sup>4</sup></xref>
<fn id="epl17027fn4"><label>4</label>
<p>To be clear, <inline-formula id="epl17027ieqn75"><tex-math><?CDATA $1-Fc(I)$ ?></tex-math>
<inline-graphic xmlns:xlink="http://www.w3.org/1999/xlink" xlink:href="epl17027ieqn75.gif"/>
</inline-formula> is the probability distribution of an arbitrary intensity while <italic>F</italic>(<italic>I</italic>) is the distribution of the maximum.</p></fn>
<disp-formula id="epl17027ueqn5"><tex-math><?CDATA \begin{equation*}
F(I)=P[(I_1 \le I) \cap \dots \cap (I_{N_1} \le I)]= [1-F_c(I)]^{N_1}.
\end{equation*} ?></tex-math>
<graphic xmlns:xlink="http://www.w3.org/1999/xlink" xlink:href="epl17027ueqn5.gif"/>
</disp-formula>
This is computed by using the variable <italic>z</italic>, related to <italic>I</italic> by
<disp-formula id="epl17027eqn12">
<label>12</label><tex-math><?CDATA \begin{equation}
\text{e}^{-z-\gamma} = N_1 F_c(I),
\end{equation} ?></tex-math>
<graphic xmlns:xlink="http://www.w3.org/1999/xlink" xlink:href="epl17027eqn12.gif"/>
</disp-formula>
as follows (we take the limit <inline-formula id="epl17027ieqn76"><tex-math><?CDATA $N_1\to \infty$ ?></tex-math>
<inline-graphic xmlns:xlink="http://www.w3.org/1999/xlink" xlink:href="epl17027ieqn76.gif"/>
</inline-formula>):
<disp-formula id="epl17027eqn13">
<label>13</label><tex-math><?CDATA \begin{equation}
F(z)= \left(1 - \text{e}^{-z-\gamma} /N_1 \right)^{N_1} = \exp ( - \text{e}^{-z-\gamma}).
\end{equation} ?></tex-math>
<graphic xmlns:xlink="http://www.w3.org/1999/xlink" xlink:href="epl17027eqn13.gif"/>
</disp-formula>
Notice that <inline-formula id="epl17027ieqn77"><tex-math><?CDATA $\text{d}F(z)/\text{d}z $ ?></tex-math>
<inline-graphic xmlns:xlink="http://www.w3.org/1999/xlink" xlink:href="epl17027ieqn77.gif"/>
</inline-formula> is the probability density of eq.&nbsp;(<xref ref-type="disp-formula" rid="epl17027eqn5">5</xref>).</p>
<p>The next step is to obtain <italic>y</italic> as a function of <italic>z</italic> (see eqs.&nbsp;(<xref ref-type="disp-formula" rid="epl17027eqn10">10</xref>),&nbsp;(<xref ref-type="disp-formula" rid="epl17027eqn11">11</xref>) and&nbsp;(<xref ref-type="disp-formula" rid="epl17027eqn12">12</xref>)),
<disp-formula id="epl17027eqn14">
<label>14</label><tex-math><?CDATA \begin{equation}
y=C_0(S)+zC_1(S) +z^2 /2 S_3^2+ \text{O} (S^{-3}),
\end{equation} ?></tex-math>
<graphic xmlns:xlink="http://www.w3.org/1999/xlink" xlink:href="epl17027eqn14.gif"/>
</disp-formula>
with coefficients
<disp-formula id="epl17027ueqn6"><tex-math><?CDATA \begin{equation*}
C_0(S)= S - \ln S_0 + \frac{ \ln S_1} {S_2} + \frac{ \ln^2 S_1}{2 S_2^2},
\end{equation*} ?></tex-math>
<graphic xmlns:xlink="http://www.w3.org/1999/xlink" xlink:href="epl17027ueqn6.gif"/>
</disp-formula>
and
<disp-formula id="epl17027ueqn7"><tex-math><?CDATA \begin{equation*}
C_1(S)=1- \frac{1}{S_2}- \frac{\ln S_1}{S_2^2}.
\end{equation*} ?></tex-math>
<graphic xmlns:xlink="http://www.w3.org/1999/xlink" xlink:href="epl17027ueqn7.gif"/>
</disp-formula>
Here <italic>S</italic>, being a function of <italic>s</italic>, is the large parameter
<disp-formula id="epl17027eqn15">
<label>15</label><tex-math><?CDATA \begin{equation}
S(s)=\gamma + \ln (\sqrt{2} bs),
\end{equation} ?></tex-math>
<graphic xmlns:xlink="http://www.w3.org/1999/xlink" xlink:href="epl17027eqn15.gif"/>
</disp-formula>
while <inline-formula id="epl17027ieqn78"><tex-math><?CDATA $S_0= S+A$ ?></tex-math>
<inline-graphic xmlns:xlink="http://www.w3.org/1999/xlink" xlink:href="epl17027ieqn78.gif"/>
</inline-formula>, <inline-formula id="epl17027ieqn79"><tex-math><?CDATA $S_1=S+A+B-A^2$ ?></tex-math>
<inline-graphic xmlns:xlink="http://www.w3.org/1999/xlink" xlink:href="epl17027ieqn79.gif"/>
</inline-formula>, <inline-formula id="epl17027ieqn80"><tex-math><?CDATA $S_2=S+A+1$ ?></tex-math>
<inline-graphic xmlns:xlink="http://www.w3.org/1999/xlink" xlink:href="epl17027ieqn80.gif"/>
</inline-formula> and <inline-formula id="epl17027ieqn81"><tex-math><?CDATA $S_3=S+A+3/2$ ?></tex-math>
<inline-graphic xmlns:xlink="http://www.w3.org/1999/xlink" xlink:href="epl17027ieqn81.gif"/>
</inline-formula> (see footnote&nbsp;<xref ref-type="fn" rid="epl17027fn5"><sup>5</sup></xref>
<fn id="epl17027fn5"><label>5</label>
<p>We have rearranged terms of different order in the parameter <inline-formula id="epl17027ieqn82"><tex-math><?CDATA $1/S$ ?></tex-math>
<inline-graphic xmlns:xlink="http://www.w3.org/1999/xlink" xlink:href="epl17027ieqn82.gif"/>
</inline-formula> in order to reduce the effects of the divergency at <italic>S</italic>&nbsp;=&nbsp;0 on the coefficients.</p>
</fn>).</p>
<p>Then, the mean value and dispersion of <italic>y</italic> are computed from eq.&nbsp;(<xref ref-type="disp-formula" rid="epl17027eqn14">14</xref>) in terms of the moments of <italic>z</italic>, <inline-formula id="epl17027ieqn83"><tex-math><?CDATA $\overline{z}=0$ ?></tex-math>
<inline-graphic xmlns:xlink="http://www.w3.org/1999/xlink" xlink:href="epl17027ieqn83.gif"/>
</inline-formula>, <inline-formula id="epl17027ieqn84"><tex-math><?CDATA $\overline{z^2}=\pi^2/6$ ?></tex-math>
<inline-graphic xmlns:xlink="http://www.w3.org/1999/xlink" xlink:href="epl17027ieqn84.gif"/>
</inline-formula> and <inline-formula id="epl17027ieqn85"><tex-math><?CDATA $\overline{z^3}=2 \zeta (3) \approx 2.4041$ ?></tex-math>
<inline-graphic xmlns:xlink="http://www.w3.org/1999/xlink" xlink:href="epl17027ieqn85.gif"/>
</inline-formula>, as follows:
<disp-formula id="epl17027eqn16">
<label>16</label><tex-math><?CDATA \begin{eqnarray}
\overline{y}(S) & \simeq C_0(S) + \frac{\overline{z^2}}{2 S_3^2},\end{eqnarray} ?></tex-math>
<graphic xmlns:xlink="http://www.w3.org/1999/xlink" xlink:href="epl17027eqn16.gif"/>
</disp-formula>
<disp-formula id="epl17027eqn17">
<label>17</label><tex-math><?CDATA \begin{eqnarray}
\sigma_y (S) & \simeq \sqrt{\overline{z^2}}
C_1(S) + \frac{ \overline{z^3}}{2 S_3^2\sqrt{\overline{z^2}} }.
\end{eqnarray} ?></tex-math>
<graphic xmlns:xlink="http://www.w3.org/1999/xlink" xlink:href="epl17027eqn17.gif"/>
</disp-formula> Furthermore, from eqs.&nbsp;(<xref ref-type="disp-formula" rid="epl17027eqn10">10</xref>),&nbsp;(<xref ref-type="disp-formula" rid="epl17027eqn15">15</xref>),&nbsp;(<xref ref-type="disp-formula" rid="epl17027eqn16">16</xref>) and&nbsp;(<xref ref-type="disp-formula" rid="epl17027eqn17">17</xref>) one obtains asymptotic expressions for <inline-formula id="epl17027ieqn86"><tex-math><?CDATA $\bar{I} (s)$ ?></tex-math>
<inline-graphic xmlns:xlink="http://www.w3.org/1999/xlink" xlink:href="epl17027ieqn86.gif"/>
</inline-formula> and <inline-formula id="epl17027ieqn87"><tex-math><?CDATA $ \sigma (s)$ ?></tex-math>
<inline-graphic xmlns:xlink="http://www.w3.org/1999/xlink" xlink:href="epl17027ieqn87.gif"/>
</inline-formula>,
<disp-formula id="epl17027eqn18">
<label>18</label><tex-math><?CDATA \begin{equation}
\bar{I}_a(s)= \frac{\sqrt{2} a}{s} \overline{y}[S(s)],\quad \sigma_a (s) =\frac{\sqrt{2} a}{s} \sigma_y [S(s)].
\end{equation} ?></tex-math>
<graphic xmlns:xlink="http://www.w3.org/1999/xlink" xlink:href="epl17027eqn18.gif"/>
</disp-formula></p>
<p>Finally, the universal intensity (see eq.&nbsp;(<xref ref-type="disp-formula" rid="epl17027eqn4">4</xref>)) results in
<disp-formula id="epl17027eqn19">
<label>19</label><tex-math><?CDATA \begin{equation}
u \simeq z +\frac{1}{2S_3^2} \left( z^2-\overline{z^2} - \frac{z \overline{z^3}}{\overline{z^2}} \right),
\end{equation} ?></tex-math>
<graphic xmlns:xlink="http://www.w3.org/1999/xlink" xlink:href="epl17027eqn19.gif"/>
</disp-formula>
which converges to <italic>z</italic> in the semiclassical limit and so, the density of <italic>u</italic> converges to the function given by eq.&nbsp;(<xref ref-type="disp-formula" rid="epl17027eqn5">5</xref>). Moreover, notice that by inverting eq.&nbsp;(<xref ref-type="disp-formula" rid="epl17027eqn19">19</xref>)
<disp-formula id="epl17027ueqn8"><tex-math><?CDATA \begin{equation*}
z(u) \simeq u -\frac{1}{2S_3^2} \left(u^2-\overline{z^2} - \frac{u \overline{z^3}}{\overline{z^2}} \right),
\end{equation*} ?></tex-math>
<graphic xmlns:xlink="http://www.w3.org/1999/xlink" xlink:href="epl17027ueqn8.gif"/>
</disp-formula> one finds the probability density for finite values of <italic>s</italic>, the first correction to the limiting density given by eq.&nbsp;(<xref ref-type="disp-formula" rid="epl17027eqn5">5</xref>), as follows:
<disp-formula id="epl17027ueqn9"><tex-math><?CDATA \begin{equation*}
f[z(u)]\; \frac{\text{d}z}{\text{d}u}(u);
\end{equation*} ?></tex-math>
<graphic xmlns:xlink="http://www.w3.org/1999/xlink" xlink:href="epl17027ueqn9.gif"/>
</disp-formula> this function minus <italic>f</italic>(<italic>u</italic>) is the leading order of the curves shown in fig.&nbsp;<xref ref-type="fig" rid="epl17027fig1">1</xref>(d).</p>
<p>In conclusion, the derivation consists of five stages. First, we find the distribution of an arbitrary intensity (eq.&nbsp;(<xref ref-type="disp-formula" rid="epl17027eqn11">11</xref>)), and in order to simplify the notation one introduces the variable <italic>y</italic> related to <italic>I</italic> by a factor (eq.&nbsp;(<xref ref-type="disp-formula" rid="epl17027eqn10">10</xref>)). Second, we show that the distribution of the maximum satisfies exactly eq.&nbsp;(<xref ref-type="disp-formula" rid="epl17027eqn5">5</xref>) when it is written in terms of the variable <italic>z</italic> (eq.&nbsp;(<xref ref-type="disp-formula" rid="epl17027eqn13">13</xref>)); however, the relationship between <italic>z</italic> and <italic>I</italic> is complicated (eq.&nbsp;(<xref ref-type="disp-formula" rid="epl17027eqn12">12</xref>)). Third, we find <italic>y</italic> (equivalent to <italic>I</italic>) as a function of <italic>z</italic> by using an expansion in terms of <inline-formula id="epl17027ieqn88"><tex-math><?CDATA $1/S$ ?></tex-math>
<inline-graphic xmlns:xlink="http://www.w3.org/1999/xlink" xlink:href="epl17027ieqn88.gif"/>
</inline-formula> (eq.&nbsp;(<xref ref-type="disp-formula" rid="epl17027eqn14">14</xref>)); as <inline-formula id="epl17027ieqn89"><tex-math><?CDATA $1/S$ ?></tex-math>
<inline-graphic xmlns:xlink="http://www.w3.org/1999/xlink" xlink:href="epl17027ieqn89.gif"/>
</inline-formula> goes to zero very slowly as a function of <italic>s</italic> (eq.&nbsp;(<xref ref-type="disp-formula" rid="epl17027eqn15">15</xref>)), one has to include several terms in the expansion. Four, by using the moments of <italic>z</italic> we find <inline-formula id="epl17027ieqn90"><tex-math><?CDATA $\overline{y}(S)$ ?></tex-math>
<inline-graphic xmlns:xlink="http://www.w3.org/1999/xlink" xlink:href="epl17027ieqn90.gif"/>
</inline-formula> and <inline-formula id="epl17027ieqn91"><tex-math><?CDATA $\sigma_y(S)$ ?></tex-math>
<inline-graphic xmlns:xlink="http://www.w3.org/1999/xlink" xlink:href="epl17027ieqn91.gif"/>
</inline-formula> (eqs.&nbsp;(<xref ref-type="disp-formula" rid="epl17027eqn16">16</xref>) and&nbsp;(<xref ref-type="disp-formula" rid="epl17027eqn17">17</xref>)). Five, by replacing the previous results in eq.&nbsp;(<xref ref-type="disp-formula" rid="epl17027eqn4">4</xref>) we find <italic>u</italic>(<italic>z</italic>) (eq.&nbsp;(<xref ref-type="disp-formula" rid="epl17027eqn19">19</xref>)).</p>
</sec>
<sec id="epl17027s4">
<title>Heuristic correction</title>
<p>In order to provide accurate expressions for small values of <italic>s</italic>, by fitting the data of fig.&nbsp;<xref ref-type="fig" rid="epl17027fig1">1</xref> we find heuristic expressions for <inline-formula id="epl17027ieqn92"><tex-math><?CDATA $\bar{I} (s)$ ?></tex-math>
<inline-graphic xmlns:xlink="http://www.w3.org/1999/xlink" xlink:href="epl17027ieqn92.gif"/>
</inline-formula> and <inline-formula id="epl17027ieqn93"><tex-math><?CDATA $ \sigma (s)$ ?></tex-math>
<inline-graphic xmlns:xlink="http://www.w3.org/1999/xlink" xlink:href="epl17027ieqn93.gif"/>
</inline-formula>,
<disp-formula id="epl17027eqn20">
<label>20</label><tex-math><?CDATA \begin{equation}
\bar{I}_h(s)=\bar{I}_a[g(s)],\quad \sigma_h (s) = \sigma_a [g'(s)],
\end{equation} ?></tex-math>
<graphic xmlns:xlink="http://www.w3.org/1999/xlink" xlink:href="epl17027eqn20.gif"/>
</disp-formula> where <inline-formula id="epl17027ieqn94"><tex-math><?CDATA $\bar{I}_a$ ?></tex-math>
<inline-graphic xmlns:xlink="http://www.w3.org/1999/xlink" xlink:href="epl17027ieqn94.gif"/>
</inline-formula> and <inline-formula id="epl17027ieqn95"><tex-math><?CDATA $\sigma_a $ ?></tex-math>
<inline-graphic xmlns:xlink="http://www.w3.org/1999/xlink" xlink:href="epl17027ieqn95.gif"/>
</inline-formula> are given in eq.&nbsp;(<xref ref-type="disp-formula" rid="epl17027eqn18">18</xref>), <inline-formula id="epl17027ieqn96"><tex-math><?CDATA $g(s)=s+1/(1.25+0.7 s+0.8 s^2)$ ?></tex-math>
<inline-graphic xmlns:xlink="http://www.w3.org/1999/xlink" xlink:href="epl17027ieqn96.gif"/>
</inline-formula> and <inline-formula id="epl17027ieqn97"><tex-math><?CDATA $g'(s)=s+5.2+\ln^2 (s/2.2) /2 $ ?></tex-math>
<inline-graphic xmlns:xlink="http://www.w3.org/1999/xlink" xlink:href="epl17027ieqn97.gif"/>
</inline-formula>. Notice from eq.&nbsp;(<xref ref-type="disp-formula" rid="epl17027eqn15">15</xref>) that <inline-formula id="epl17027ieqn98"><tex-math><?CDATA $S[g(s)] = S(s)+ \text{O} (1/s)$ ?></tex-math>
<inline-graphic xmlns:xlink="http://www.w3.org/1999/xlink" xlink:href="epl17027ieqn98.gif"/>
</inline-formula> and then, <inline-formula id="epl17027ieqn99"><tex-math><?CDATA $\bar{I}_h(s)$ ?></tex-math>
<inline-graphic xmlns:xlink="http://www.w3.org/1999/xlink" xlink:href="epl17027ieqn99.gif"/>
</inline-formula> behaves like <inline-formula id="epl17027ieqn100"><tex-math><?CDATA $\bar{I}_a(s)$ ?></tex-math>
<inline-graphic xmlns:xlink="http://www.w3.org/1999/xlink" xlink:href="epl17027ieqn100.gif"/>
</inline-formula> for large <italic>s</italic> (the same idea applies to <inline-formula id="epl17027ieqn101"><tex-math><?CDATA $\sigma_h (s)$ ?></tex-math>
<inline-graphic xmlns:xlink="http://www.w3.org/1999/xlink" xlink:href="epl17027ieqn101.gif"/>
</inline-formula> and <inline-formula id="epl17027ieqn102"><tex-math><?CDATA $\sigma_a (s)$ ?></tex-math>
<inline-graphic xmlns:xlink="http://www.w3.org/1999/xlink" xlink:href="epl17027ieqn102.gif"/>
</inline-formula>).</p>
</sec>
<sec id="epl17027s5">
<title>The Bunimovich stadium billiard</title>
<p>Here we study the strongest scar intensity of the horizontal PO of the Bunimovich stadium billiard (contained in a <inline-formula id="epl17027ieqn103"><tex-math><?CDATA $2 \times 4$ ?></tex-math>
<inline-graphic xmlns:xlink="http://www.w3.org/1999/xlink" xlink:href="epl17027ieqn103.gif"/>
</inline-formula> rectangle) within the statistical model analyzed previously.</p>
<p>The expression for the even-even resonance with <inline-formula id="epl17027ieqn104"><tex-math><?CDATA $2n$ ?></tex-math>
<inline-graphic xmlns:xlink="http://www.w3.org/1999/xlink" xlink:href="epl17027ieqn104.gif"/>
</inline-formula> nodes in the stadium, <inline-formula id="epl17027ieqn105"><tex-math><?CDATA $\varphi_n(x,y)$ ?></tex-math>
<inline-graphic xmlns:xlink="http://www.w3.org/1999/xlink" xlink:href="epl17027ieqn105.gif"/>
</inline-formula>, is provided in eq.&nbsp;(<xref ref-type="disp-formula" rid="epl17027eqn4">4</xref>) of ref.&nbsp;[<xref ref-type="bibr" rid="epl17027bib13">13</xref>]; in particular, fig.&nbsp;<xref ref-type="fig" rid="epl17027fig2">2</xref>(a) displays contour lines of <inline-formula id="epl17027ieqn106"><tex-math><?CDATA $\varphi_{16}(x,y)$ ?></tex-math>
<inline-graphic xmlns:xlink="http://www.w3.org/1999/xlink" xlink:href="epl17027ieqn106.gif"/>
</inline-formula>. The intensities of <inline-formula id="epl17027ieqn107"><tex-math><?CDATA $\varphi_n(x,y)$ ?></tex-math>
<inline-graphic xmlns:xlink="http://www.w3.org/1999/xlink" xlink:href="epl17027ieqn107.gif"/>
</inline-formula> are evaluated in the basis of even-even eigenstates and the highest intensity, <inline-formula id="epl17027ieqn108"><tex-math><?CDATA $I_n$ ?></tex-math>
<inline-graphic xmlns:xlink="http://www.w3.org/1999/xlink" xlink:href="epl17027ieqn108.gif"/>
</inline-formula>, is recorded. Figure&nbsp;<xref ref-type="fig" rid="epl17027fig2">2</xref>(b) displays <inline-formula id="epl17027ieqn109"><tex-math><?CDATA $I_n$ ?></tex-math>
<inline-graphic xmlns:xlink="http://www.w3.org/1999/xlink" xlink:href="epl17027ieqn109.gif"/>
</inline-formula> for <inline-formula id="epl17027ieqn110"><tex-math><?CDATA $2\le n \le 712$ ?></tex-math>
<inline-graphic xmlns:xlink="http://www.w3.org/1999/xlink" xlink:href="epl17027ieqn110.gif"/>
</inline-formula>, and the function <inline-formula id="epl17027ieqn111"><tex-math><?CDATA $\bar{I}_h[s(n)]$ ?></tex-math>
<inline-graphic xmlns:xlink="http://www.w3.org/1999/xlink" xlink:href="epl17027ieqn111.gif"/>
</inline-formula> (see eq.&nbsp;(<xref ref-type="disp-formula" rid="epl17027eqn20">20</xref>)), with (see eq.&nbsp;(<xref ref-type="disp-formula" rid="epl17027eqn3">3</xref>) and footnote&nbsp;<xref ref-type="fn" rid="epl17027fn6"><sup>6</sup></xref>
<fn id="epl17027fn6"><label>6</label>
<p>With <inline-formula id="epl17027ieqn112"><tex-math><?CDATA $\hbar=1$ ?></tex-math>
<inline-graphic xmlns:xlink="http://www.w3.org/1999/xlink" xlink:href="epl17027ieqn112.gif"/>
</inline-formula> and <inline-formula id="epl17027ieqn113"><tex-math><?CDATA $m=1/2$ ?></tex-math>
<inline-graphic xmlns:xlink="http://www.w3.org/1999/xlink" xlink:href="epl17027ieqn113.gif"/>
</inline-formula> (the mass of the particle) one has <inline-formula id="epl17027ieqn114"><tex-math><?CDATA $E_n=k_n^2 $ ?></tex-math>
<inline-graphic xmlns:xlink="http://www.w3.org/1999/xlink" xlink:href="epl17027ieqn114.gif"/>
</inline-formula>, where <inline-formula id="epl17027ieqn115"><tex-math><?CDATA $k_n= \pi (n+3/4)/2$ ?></tex-math>
<inline-graphic xmlns:xlink="http://www.w3.org/1999/xlink" xlink:href="epl17027ieqn115.gif"/>
</inline-formula> is the Bohr-Sommerfeld wave number of the resonance. Then, <inline-formula id="epl17027ieqn116"><tex-math><?CDATA $\rho_E\simeq A/4 \pi$ ?></tex-math>
<inline-graphic xmlns:xlink="http://www.w3.org/1999/xlink" xlink:href="epl17027ieqn116.gif"/>
</inline-formula> with <inline-formula id="epl17027ieqn117"><tex-math><?CDATA $A=1+\pi/4$ ?></tex-math>
<inline-graphic xmlns:xlink="http://www.w3.org/1999/xlink" xlink:href="epl17027ieqn117.gif"/>
</inline-formula> the area of the desymmetryzed billiard, and the stability index of the horizontal PO is <inline-formula id="epl17027ieqn118"><tex-math><?CDATA $\lambda=\text{v}_n [\ln (3+\sqrt{8})/4]$ ?></tex-math>
<inline-graphic xmlns:xlink="http://www.w3.org/1999/xlink" xlink:href="epl17027ieqn118.gif"/>
</inline-formula>, where <inline-formula id="epl17027ieqn119"><tex-math><?CDATA $\text{v}_n=2 k_n$ ?></tex-math>
<inline-graphic xmlns:xlink="http://www.w3.org/1999/xlink" xlink:href="epl17027ieqn119.gif"/>
</inline-formula> is the speed of the particle at the energy <inline-formula id="epl17027ieqn120"><tex-math><?CDATA $E_n$ ?></tex-math>
<inline-graphic xmlns:xlink="http://www.w3.org/1999/xlink" xlink:href="epl17027ieqn120.gif"/>
</inline-formula>.</p></fn>)
<disp-formula id="epl17027eqn21">
<label>21</label><tex-math><?CDATA \begin{equation}
s(n)\simeq \frac{(1+\pi /4)\; \ln (3+\sqrt{8}) \;(n+3/4)}{16 \sqrt{2}}.
\end{equation} ?></tex-math>
<graphic xmlns:xlink="http://www.w3.org/1999/xlink" xlink:href="epl17027eqn21.gif"/>
</disp-formula></p>
<fig id="epl17027fig2" position="float" fig-type="figure">
<label>Fig. 2:</label>
<caption id="epl17027fc2">
<p>(Colour on-line) (a) Contour lines of <inline-formula id="epl17027ieqn132"><tex-math><?CDATA $\varphi_{16}(x,y)$ ?></tex-math>
<inline-graphic xmlns:xlink="http://www.w3.org/1999/xlink" xlink:href="epl17027ieqn132.gif"/>
</inline-formula> in the Bunimovich stadium billiard. (b) Scar intensities <inline-formula id="epl17027ieqn133"><tex-math><?CDATA $I_n\ (+)$ ?></tex-math>
<inline-graphic xmlns:xlink="http://www.w3.org/1999/xlink" xlink:href="epl17027ieqn133.gif"/>
</inline-formula> and the function <inline-formula id="epl17027ieqn134"><tex-math><?CDATA $\bar{I}_h[s(n)]$ ?></tex-math>
<inline-graphic xmlns:xlink="http://www.w3.org/1999/xlink" xlink:href="epl17027ieqn134.gif"/>
</inline-formula> given by eqs.&nbsp;(<xref ref-type="disp-formula" rid="epl17027eqn20">20</xref>) and&nbsp;(<xref ref-type="disp-formula" rid="epl17027eqn21">21</xref>) (solid line). (c) Universal intensities <inline-formula id="epl17027ieqn135"><tex-math><?CDATA $u_n\ (+)$ ?></tex-math>
<inline-graphic xmlns:xlink="http://www.w3.org/1999/xlink" xlink:href="epl17027ieqn135.gif"/>
</inline-formula>. Constant dashed lines at <inline-formula id="epl17027ieqn136"><tex-math><?CDATA $0\ (\bar{u})$ ?></tex-math>
<inline-graphic xmlns:xlink="http://www.w3.org/1999/xlink" xlink:href="epl17027ieqn136.gif"/>
</inline-formula> and <inline-formula id="epl17027ieqn137"><tex-math><?CDATA $\pi^2/6\ (\sigma_u^2)$ ?></tex-math>
<inline-graphic xmlns:xlink="http://www.w3.org/1999/xlink" xlink:href="epl17027ieqn137.gif"/>
</inline-formula>; solid lines for <inline-formula id="epl17027ieqn138"><tex-math><?CDATA $\bar{u}_j$ ?></tex-math>
<inline-graphic xmlns:xlink="http://www.w3.org/1999/xlink" xlink:href="epl17027ieqn138.gif"/>
</inline-formula> and <inline-formula id="epl17027ieqn139"><tex-math><?CDATA $\sigma_j^2$ ?></tex-math>
<inline-graphic xmlns:xlink="http://www.w3.org/1999/xlink" xlink:href="epl17027ieqn139.gif"/>
</inline-formula>; and thin solid lines for <inline-formula id="epl17027ieqn140"><tex-math><?CDATA $\bar{u}_j \pm \sigma_1$ ?></tex-math>
<inline-graphic xmlns:xlink="http://www.w3.org/1999/xlink" xlink:href="epl17027ieqn140.gif"/>
</inline-formula> and <inline-formula id="epl17027ieqn141"><tex-math><?CDATA $\sigma_j^2 + \sigma_2$ ?></tex-math>
<inline-graphic xmlns:xlink="http://www.w3.org/1999/xlink" xlink:href="epl17027ieqn141.gif"/>
</inline-formula>. (d) Histogram of <inline-formula id="epl17027ieqn142"><tex-math><?CDATA $u_n$ ?></tex-math>
<inline-graphic xmlns:xlink="http://www.w3.org/1999/xlink" xlink:href="epl17027ieqn142.gif"/>
</inline-formula> for <inline-formula id="epl17027ieqn143"><tex-math><?CDATA ${2\le n \le 712}$ ?></tex-math>
<inline-graphic xmlns:xlink="http://www.w3.org/1999/xlink" xlink:href="epl17027ieqn143.gif"/>
</inline-formula>, probability density <italic>f</italic>(<italic>u</italic>) (solid line), and approximation of <italic>f</italic>(<italic>u</italic>) given in eq.&nbsp;(<xref ref-type="disp-formula" rid="epl17027eqn24">24</xref>) (dashed line). (e) Histogram of <inline-formula id="epl17027ieqn144"><tex-math><?CDATA $u_n$ ?></tex-math>
<inline-graphic xmlns:xlink="http://www.w3.org/1999/xlink" xlink:href="epl17027ieqn144.gif"/>
</inline-formula> for <inline-formula id="epl17027ieqn145"><tex-math><?CDATA $400\le n \le 712$ ?></tex-math>
<inline-graphic xmlns:xlink="http://www.w3.org/1999/xlink" xlink:href="epl17027ieqn145.gif"/>
</inline-formula>, <italic>f</italic>(<italic>u</italic>) (solid line), and probability density for <inline-formula id="epl17027ieqn146"><tex-math><?CDATA $s=77.4$ ?></tex-math>
<inline-graphic xmlns:xlink="http://www.w3.org/1999/xlink" xlink:href="epl17027ieqn146.gif"/>
</inline-formula> (dashed line).</p>
</caption>
<graphic id="epl17027f2_eps" content-type="print" xlink:href="epl17027f2_pr.eps"/>
<graphic id="epl17027f2_online" content-type="online" xlink:href="epl17027f2_online.jpg"/>
</fig>
<p>Figure&nbsp;<xref ref-type="fig" rid="epl17027fig2">2</xref>(c) displays the universal intensity <inline-formula id="epl17027ieqn121"><tex-math><?CDATA $u_n$ ?></tex-math>
<inline-graphic xmlns:xlink="http://www.w3.org/1999/xlink" xlink:href="epl17027ieqn121.gif"/>
</inline-formula> obtained from eq.&nbsp;(<xref ref-type="disp-formula" rid="epl17027eqn4">4</xref>). Moreover, the numerical mean value and variance
<disp-formula id="epl17027ueqn10"><tex-math><?CDATA \begin{equation*}
\bar{u}_j=\frac{1}{61} \sum_{n=j-30}^{j+30} u_n,\quad \sigma_j^2=\frac{1}{61} \sum_{n=j-30}^{j+30} (u_n- \bar{u}_j)^2,
\end{equation*} ?></tex-math>
<graphic xmlns:xlink="http://www.w3.org/1999/xlink" xlink:href="epl17027ueqn10.gif"/>
</disp-formula>
for <inline-formula id="epl17027ieqn122"><tex-math><?CDATA $32\le j \le 682$ ?></tex-math>
<inline-graphic xmlns:xlink="http://www.w3.org/1999/xlink" xlink:href="epl17027ieqn122.gif"/>
</inline-formula> are compared with the mean value, <inline-formula id="epl17027ieqn123"><tex-math><?CDATA $\bar{u}=0$ ?></tex-math>
<inline-graphic xmlns:xlink="http://www.w3.org/1999/xlink" xlink:href="epl17027ieqn123.gif"/>
</inline-formula>, and variance, <inline-formula id="epl17027ieqn124"><tex-math><?CDATA $\sigma_u^2=\pi^2/6$ ?></tex-math>
<inline-graphic xmlns:xlink="http://www.w3.org/1999/xlink" xlink:href="epl17027ieqn124.gif"/>
</inline-formula>, of the random variable <italic>u</italic> with distribution given by eq.&nbsp;(<xref ref-type="disp-formula" rid="epl17027eqn5">5</xref>). The figure also displays the curves <inline-formula id="epl17027ieqn125"><tex-math><?CDATA $ \bar{u}_j \pm \sigma_1$ ?></tex-math>
<inline-graphic xmlns:xlink="http://www.w3.org/1999/xlink" xlink:href="epl17027ieqn125.gif"/>
</inline-formula> and <inline-formula id="epl17027ieqn126"><tex-math><?CDATA $\sigma_j^2 + \sigma_2$ ?></tex-math>
<inline-graphic xmlns:xlink="http://www.w3.org/1999/xlink" xlink:href="epl17027ieqn126.gif"/>
</inline-formula>, where <inline-formula id="epl17027ieqn127"><tex-math><?CDATA $\sigma_1 \approx 0.16\ (\sigma_2 \approx 0.44)$ ?></tex-math>
<inline-graphic xmlns:xlink="http://www.w3.org/1999/xlink" xlink:href="epl17027ieqn127.gif"/>
</inline-formula> is the dispersion of <inline-formula id="epl17027ieqn128"><tex-math><?CDATA $ \bar{u}_j\ ( \sigma_j^2)$ ?></tex-math>
<inline-graphic xmlns:xlink="http://www.w3.org/1999/xlink" xlink:href="epl17027ieqn128.gif"/>
</inline-formula>.</p>
<p>Figure&nbsp;<xref ref-type="fig" rid="epl17027fig2">2</xref>(d) compares a histogram constructed with all the data, the probability density <italic>f</italic>(<italic>u</italic>) given by eq.&nbsp;(<xref ref-type="disp-formula" rid="epl17027eqn5">5</xref>) and the approximation of <italic>f</italic>(<italic>u</italic>) discussed in eq.&nbsp;(<xref ref-type="disp-formula" rid="epl17027eqn24">24</xref>). Finally, fig.&nbsp;<xref ref-type="fig" rid="epl17027fig2">2</xref>(e) uses the data satisfying <inline-formula id="epl17027ieqn129"><tex-math><?CDATA $n\ge 400$ ?></tex-math>
<inline-graphic xmlns:xlink="http://www.w3.org/1999/xlink" xlink:href="epl17027ieqn129.gif"/>
</inline-formula> corresponding to the interval <inline-formula id="epl17027ieqn130"><tex-math><?CDATA $55.7 < s < 99.1$ ?></tex-math>
<inline-graphic xmlns:xlink="http://www.w3.org/1999/xlink" xlink:href="epl17027ieqn130.gif"/>
</inline-formula> (see eq.&nbsp;(<xref ref-type="disp-formula" rid="epl17027eqn21">21</xref>)), and taking into account that the probability density is practically constant in this interval we also include the density for <inline-formula id="epl17027ieqn131"><tex-math><?CDATA $s=77.4$ ?></tex-math>
<inline-graphic xmlns:xlink="http://www.w3.org/1999/xlink" xlink:href="epl17027ieqn131.gif"/>
</inline-formula> (the midpoint of the interval), obtained numerically from the statistical model.</p>
</sec>
<sec id="epl17027s6">
<title>Generalization</title>
<p>Given the set of scar intensities of <inline-formula id="epl17027ieqn147"><tex-math><?CDATA $| n \rangle$ ?></tex-math>
<inline-graphic xmlns:xlink="http://www.w3.org/1999/xlink" xlink:href="epl17027ieqn147.gif"/>
</inline-formula>, we name <inline-formula id="epl17027ieqn148"><tex-math><?CDATA $I_n^1$ ?></tex-math>
<inline-graphic xmlns:xlink="http://www.w3.org/1999/xlink" xlink:href="epl17027ieqn148.gif"/>
</inline-formula> the greatest of the intensities, <inline-formula id="epl17027ieqn149"><tex-math><?CDATA $I_n^2$ ?></tex-math>
<inline-graphic xmlns:xlink="http://www.w3.org/1999/xlink" xlink:href="epl17027ieqn149.gif"/>
</inline-formula> the second one and so on. Then, we study the distribution of <inline-formula id="epl17027ieqn150"><tex-math><?CDATA $I_n^j$ ?></tex-math>
<inline-graphic xmlns:xlink="http://www.w3.org/1999/xlink" xlink:href="epl17027ieqn150.gif"/>
</inline-formula> within the statistical model previously proposed.</p>
<p>The probability density of <inline-formula id="epl17027ieqn151"><tex-math><?CDATA $I_n^j$ ?></tex-math>
<inline-graphic xmlns:xlink="http://www.w3.org/1999/xlink" xlink:href="epl17027ieqn151.gif"/>
</inline-formula>, obtained from a set of <inline-formula id="epl17027ieqn152"><tex-math><?CDATA $N_1=2N+1$ ?></tex-math>
<inline-graphic xmlns:xlink="http://www.w3.org/1999/xlink" xlink:href="epl17027ieqn152.gif"/>
</inline-formula> independent random variables with complementary distribution <inline-formula id="epl17027ieqn153"><tex-math><?CDATA $F_c(I)$ ?></tex-math>
<inline-graphic xmlns:xlink="http://www.w3.org/1999/xlink" xlink:href="epl17027ieqn153.gif"/>
</inline-formula>, is well known&nbsp;[<xref ref-type="bibr" rid="epl17027bib24">24</xref>],
<disp-formula id="epl17027ueqn11"><tex-math><?CDATA \begin{equation*}
p(I)=\frac{(-1) N_1 !}{(N_1- j) ! \;j !} F_c(I)^{j-1} [1-F_c(I)]^{N_1-j} \frac{\text{d} F_c(I)}{\text{d} I}.
\end{equation*} ?></tex-math>
<graphic xmlns:xlink="http://www.w3.org/1999/xlink" xlink:href="epl17027ueqn11.gif"/>
</disp-formula>
This is computed in terms of <italic>z</italic>, related to <italic>I</italic> by
<disp-formula id="epl17027eqn22">
<label>22</label><tex-math><?CDATA \begin{equation}
\text{e}^{-z-\gamma+H(1)} = N_1 F_c(I),
\end{equation} ?></tex-math>
<graphic xmlns:xlink="http://www.w3.org/1999/xlink" xlink:href="epl17027eqn22.gif"/>
</disp-formula>
with <inline-formula id="epl17027ieqn154"><tex-math><?CDATA $H(k)=0$ ?></tex-math>
<inline-graphic xmlns:xlink="http://www.w3.org/1999/xlink" xlink:href="epl17027ieqn154.gif"/>
</inline-formula> for <italic>j</italic>&nbsp;=&nbsp;1, and
<disp-formula id="epl17027ueqn12"><tex-math><?CDATA \begin{equation*}
H(k)= \sum_{i=1}^{j-1} \frac{1}{i^k},\quad \text{ for } \enspace j >1;
\end{equation*} ?>
</tex-math>
<graphic xmlns:xlink="http://www.w3.org/1999/xlink" xlink:href="epl17027ueqn12.gif"/>
</disp-formula>
these sums are the generalized harmonic numbers of order <italic>j</italic>&nbsp;&minus;&nbsp;1 of <italic>k</italic>.</p>
<p>Taking into account that <inline-formula id="epl17027ieqn155"><tex-math><?CDATA $F_c(I)=\text{O}(1/N_1)$ ?></tex-math>
<inline-graphic xmlns:xlink="http://www.w3.org/1999/xlink" xlink:href="epl17027ieqn155.gif"/>
</inline-formula>, one has in the limit <inline-formula id="epl17027ieqn156"><tex-math><?CDATA $N_1 \rightarrow \infty$ ?></tex-math>
<inline-graphic xmlns:xlink="http://www.w3.org/1999/xlink" xlink:href="epl17027ieqn156.gif"/>
</inline-formula>
<disp-formula id="epl17027eqn23">
<label>23</label><tex-math><?CDATA \begin{equation}
p(z)=\frac{j^j}{(j-1)!} \exp [ -j (z+\Gamma)-j \text{e}^{-z-\Gamma}],
\end{equation} ?></tex-math>
<graphic xmlns:xlink="http://www.w3.org/1999/xlink" xlink:href="epl17027eqn23.gif"/>
</disp-formula>
with <inline-formula id="epl17027ieqn157"><tex-math><?CDATA $ \Gamma=\gamma +\ln j - H(1)$ ?></tex-math>
<inline-graphic xmlns:xlink="http://www.w3.org/1999/xlink" xlink:href="epl17027ieqn157.gif"/>
</inline-formula>. Furthermore, the moments of <italic>z</italic> result in <inline-formula id="epl17027ieqn158"><tex-math><?CDATA $\overline{z} =0$ ?></tex-math>
<inline-graphic xmlns:xlink="http://www.w3.org/1999/xlink" xlink:href="epl17027ieqn158.gif"/>
</inline-formula>, <inline-formula id="epl17027ieqn159"><tex-math><?CDATA $\overline{z^2} =\pi^2/6 - H(2)$ ?></tex-math>
<inline-graphic xmlns:xlink="http://www.w3.org/1999/xlink" xlink:href="epl17027ieqn159.gif"/>
</inline-formula> and <inline-formula id="epl17027ieqn160"><tex-math><?CDATA $\overline{z^3} =2 \zeta (3)- 2 H(3)$ ?></tex-math>
<inline-graphic xmlns:xlink="http://www.w3.org/1999/xlink" xlink:href="epl17027ieqn160.gif"/>
</inline-formula>.</p>
<p>With <inline-formula id="epl17027ieqn161"><tex-math><?CDATA $y= s I /\sqrt{2} a$ ?></tex-math>
<inline-graphic xmlns:xlink="http://www.w3.org/1999/xlink" xlink:href="epl17027ieqn161.gif"/>
</inline-formula> (like in eq.&nbsp;(<xref ref-type="disp-formula" rid="epl17027eqn10">10</xref>)), the relationship between <italic>y</italic> and <italic>z</italic> (eq.&nbsp;(<xref ref-type="disp-formula" rid="epl17027eqn22">22</xref>)) is given by eq.&nbsp;(<xref ref-type="disp-formula" rid="epl17027eqn14">14</xref>), where <italic>S</italic> is now a generalization of eq.&nbsp;(<xref ref-type="disp-formula" rid="epl17027eqn15">15</xref>)
<disp-formula id="epl17027ueqn13"><tex-math><?CDATA \begin{equation*}
S(s)=\gamma -H(1)+ \ln (\sqrt{2} bs).
\end{equation*} ?></tex-math>
<graphic xmlns:xlink="http://www.w3.org/1999/xlink" xlink:href="epl17027ueqn13.gif"/>
</disp-formula>
Moreover, the mean value and dispersion of <italic>y</italic> are given by eqs.&nbsp;(<xref ref-type="disp-formula" rid="epl17027eqn16">16</xref>) and&nbsp;(<xref ref-type="disp-formula" rid="epl17027eqn17">17</xref>), while asymptotic expressions for the mean value and dispersion of <inline-formula id="epl17027ieqn162"><tex-math><?CDATA $I_n^j$ ?></tex-math>
<inline-graphic xmlns:xlink="http://www.w3.org/1999/xlink" xlink:href="epl17027ieqn162.gif"/>
</inline-formula> are given by eq.&nbsp;(<xref ref-type="disp-formula" rid="epl17027eqn18">18</xref>); remember to use the moments of <italic>z</italic> given in this section.</p>
<p>Finally, the generalization of <inline-formula id="epl17027ieqn163"><tex-math><?CDATA $u_n$ ?></tex-math>
<inline-graphic xmlns:xlink="http://www.w3.org/1999/xlink" xlink:href="epl17027ieqn163.gif"/>
</inline-formula> (eq.&nbsp;(<xref ref-type="disp-formula" rid="epl17027eqn4">4</xref>)) results in
<disp-formula id="epl17027ueqn14"><tex-math><?CDATA \begin{equation*}
u_n^j = \sqrt{\overline{z^2}} \frac{I_n^j - \bar{I}(s)}{ \sigma (s)},
\end{equation*} ?></tex-math>
<graphic xmlns:xlink="http://www.w3.org/1999/xlink" xlink:href="epl17027ueqn14.gif"/>
</disp-formula>
which is related to <italic>z</italic> by eq.&nbsp;(<xref ref-type="disp-formula" rid="epl17027eqn19">19</xref>) and so, <inline-formula id="epl17027ieqn164"><tex-math><?CDATA $u_n^j$ ?></tex-math>
<inline-graphic xmlns:xlink="http://www.w3.org/1999/xlink" xlink:href="epl17027ieqn164.gif"/>
</inline-formula> is represented in the semiclassical limit by a random variable with probability density given by eq.&nbsp;(<xref ref-type="disp-formula" rid="epl17027eqn23">23</xref>).</p>
<p>Of course, for <italic>j</italic>&nbsp;=&nbsp;1 we obtain again the probability density given in eq.&nbsp;(<xref ref-type="disp-formula" rid="epl17027eqn5">5</xref>). In this respect, it is worth mentioning that this extreme distribution is due partly to Fisher and Tippett, and partly to Gumbel&nbsp;[<xref ref-type="bibr" rid="epl17027bib24">24</xref>].</p>
</sec>
<sec id="epl17027s7">
<title>A proper measure of scar intensity</title>
<p>Here we justify the use of resonances of the PO as the proper test state to measure scar intensities.</p>
<p>Heller uses as a test state a wave packet centered at a point of the PO&nbsp;[<xref ref-type="bibr" rid="epl17027bib1">1</xref>]. Of course this state detects the eigenfunctions scarred by the PO. Nevertheless, it only provides partial information about the concentration of quantum probability density accumulated along the PO. A better option is to define a test state strongly concentrated in the neighborhood of the PO, and living in a narrow energy window. For this reason, we construct our state by requiring minimum energy dispersion, and this approach eliminates the possibility of free parameters in the construction. In this way, we obtain a proper and precise definition of test state and so, a proper and precise definition of scar intensity. Here the meaning of &ldquo;<italic>strongly concentrated in the neighborhood of the PO</italic>&rdquo; consists in considering a state without excitations in the transverse direction to the PO, because, as was shown in ref.&nbsp;[<xref ref-type="bibr" rid="epl17027bib8">8</xref>], the inclusion of transverse excitations can be used to reduce the energy dispersion.</p>
<p>The minimum energy dispersion condition has an interpretation in the time domain. Let <italic>A</italic>(<italic>t</italic>) be the autocorrelation of a state strongly concentrated in the neighborhood of the PO. Then, for times up to the Ehrenfest time the following relationship works <inline-formula id="epl17027ieqn165"><tex-math><?CDATA $|A(t)|\le 1/\sqrt{\cosh (\lambda t)}$ ?></tex-math>
<inline-graphic xmlns:xlink="http://www.w3.org/1999/xlink" xlink:href="epl17027ieqn165.gif"/>
</inline-formula>, where <inline-formula id="epl17027ieqn166"><tex-math><?CDATA $1/\sqrt{\cosh (\lambda t)}$ ?></tex-math>
<inline-graphic xmlns:xlink="http://www.w3.org/1999/xlink" xlink:href="epl17027ieqn166.gif"/>
</inline-formula> is the autocorrelation of our resonances.</p>
</sec>
<sec id="epl17027s8">
<title>Remarks</title>
<p>Here important points will be discussed.</p>
<list id="epl17027l1" list-type="arabic">
<list-item id="epl17027l1.1">
<label>i)</label>
<p>The obtained expressions are of general validity. They apply to Hamiltonian systems with arbitrary level of chaoticity; for instance, they also work in systems with mixed dynamics. Furthermore, they apply to systems with arbitrary degrees of freedom; in this case one has to replace <italic>&lambda;</italic> with <inline-formula id="epl17027ieqn168"><tex-math><?CDATA $\sqrt{\lambda_1^2 + \dots + \lambda_{d-1}^2}$ ?></tex-math>
<inline-graphic xmlns:xlink="http://www.w3.org/1999/xlink" xlink:href="epl17027ieqn168.gif"/>
</inline-formula>, where <inline-formula id="epl17027ieqn169"><tex-math><?CDATA $\lambda_1, \dots, \lambda_{d-1}$ ?></tex-math>
<inline-graphic xmlns:xlink="http://www.w3.org/1999/xlink" xlink:href="epl17027ieqn169.gif"/>
</inline-formula> is the set of stability indices of the PO. Finally, the derivation of equivalent expressions for <inline-formula id="epl17027ieqn170"><tex-math><?CDATA $\bar{I}(s)$ ?></tex-math>
<inline-graphic xmlns:xlink="http://www.w3.org/1999/xlink" xlink:href="epl17027ieqn170.gif"/>
</inline-formula> and <inline-formula id="epl17027ieqn171"><tex-math><?CDATA $\sigma(s)$ ?></tex-math>
<inline-graphic xmlns:xlink="http://www.w3.org/1999/xlink" xlink:href="epl17027ieqn171.gif"/>
</inline-formula> in systems without time reversal is straightforward; one has to use a chi-square distribution with 2 degrees of freedom.</p>
</list-item>
<list-item id="epl17027l1.2">
<label>ii)</label>
<p>The universal intensity removes the dependence on the stability index <italic>&lambda;</italic>&nbsp;[<xref ref-type="bibr" rid="epl17027bib1">1</xref>] and the energy, and only takes into account the level of constructive interference provided by the set of homoclinic orbits.</p>
</list-item>
<list-item id="epl17027l1.3">
<label>iii)</label>
<p>The expressions obtained from the statistical model are in very good agreement with the numerical data extracted from the billiard in a wide energy range. This range includes the first 178000 even-even eigenfunctions.</p>
</list-item>
<list-item id="epl17027l1.4">
<label>iv)</label>
<p>Kaplan uses the integral of eq.&nbsp;(<xref ref-type="disp-formula" rid="epl17027eqn9">9</xref>) as an estimate for the tail of the distribution of scar intensities&nbsp;[<xref ref-type="bibr" rid="epl17027bib7">7</xref>]. Effectively, the complementary distribution of the maximum is given by <inline-formula id="epl17027ieqn173"><tex-math><?CDATA $1-F(I)=P[(I < I_1) \cup \dots \cup (I < I_{2N+1})] \approx \sum P[ I <I_i ]$ ?></tex-math>
<inline-graphic xmlns:xlink="http://www.w3.org/1999/xlink" xlink:href="epl17027ieqn173.gif"/>
</inline-formula>, where the approximation is reasonable if the probability <inline-formula id="epl17027ieqn174"><tex-math><?CDATA $P[(I<I_i) \cap (I<I_j)] \approx 0$ ?></tex-math>
<inline-graphic xmlns:xlink="http://www.w3.org/1999/xlink" xlink:href="epl17027ieqn174.gif"/>
</inline-formula> for <inline-formula id="epl17027ieqn175"><tex-math><?CDATA $i \ne j$ ?></tex-math>
<inline-graphic xmlns:xlink="http://www.w3.org/1999/xlink" xlink:href="epl17027ieqn175.gif"/>
</inline-formula>. Then, one can use the integral because <inline-formula id="epl17027ieqn176"><tex-math><?CDATA $\sum P[ I <I_i ] = (2N+1) F_c(I)= \int F_c (I,\epsilon) \text{d}\epsilon$ ?></tex-math>
<inline-graphic xmlns:xlink="http://www.w3.org/1999/xlink" xlink:href="epl17027ieqn176.gif"/>
</inline-formula>. In order to evaluate this estimate in terms of the universal intensity one inserts <inline-formula id="epl17027ieqn177"><tex-math><?CDATA $y = u+S-\ln S +\text{O} (1/S)$ ?></tex-math>
<inline-graphic xmlns:xlink="http://www.w3.org/1999/xlink" xlink:href="epl17027ieqn177.gif"/>
</inline-formula> (derived from eqs.&nbsp;(<xref ref-type="disp-formula" rid="epl17027eqn14">14</xref>) and&nbsp;(<xref ref-type="disp-formula" rid="epl17027eqn19">19</xref>)) in eq.&nbsp;(<xref ref-type="disp-formula" rid="epl17027eqn11">11</xref>), finding in leading order
<disp-formula id="epl17027eqn24">
<label>24</label><tex-math><?CDATA \begin{equation}
1-F(u) \approx \text{e}^{-u-\gamma}, \quad f(u)=\text{d} F(u)/ \text{d}u \approx \text{e}^{-u-\gamma}.
\end{equation} ?></tex-math>
<graphic xmlns:xlink="http://www.w3.org/1999/xlink" xlink:href="epl17027eqn24.gif"/>
</disp-formula>
Notice that fig.&nbsp;<xref ref-type="fig" rid="epl17027fig2">2</xref>(d) shows this approximation which approaches the right solution for large positive values of <italic>u</italic>.</p>
</list-item>
<list-item id="epl17027l1.5">
<label>v)</label>
<p>Equation&nbsp;(<xref ref-type="disp-formula" rid="epl17027eqn18">18</xref>) is a very important result because it provides the general behavior of scar intensities (mean value and dispersion). In fact, it elucidates a long-standing unsolved problem by giving the behavior of scar intensities in the semiclassical limit <inline-formula id="epl17027ieqn178"><tex-math><?CDATA $\bar{I} \simeq (\sqrt{2} a/s) \ln s = \text{O} ( \hbar^{d-1} \ln \hbar )$ ?></tex-math>
<inline-graphic xmlns:xlink="http://www.w3.org/1999/xlink" xlink:href="epl17027ieqn178.gif"/>
</inline-formula>.</p>
</list-item>
<list-item id="epl17027l1.6">
<label>vi)</label>
<p>Figure&nbsp;<xref ref-type="fig" rid="epl17027fig3">3</xref> displays the eigenfunction with maximum universal intensity <inline-formula id="epl17027ieqn179"><tex-math><?CDATA $(u_{587} \approx 5.60)$ ?></tex-math>
<inline-graphic xmlns:xlink="http://www.w3.org/1999/xlink" xlink:href="epl17027ieqn179.gif"/>
</inline-formula>, and this fact demonstrates the relevance of <inline-formula id="epl17027ieqn180"><tex-math><?CDATA $u_n$ ?></tex-math>
<inline-graphic xmlns:xlink="http://www.w3.org/1999/xlink" xlink:href="epl17027ieqn180.gif"/>
</inline-formula> to detect strong scars of a given PO. Furthermore, this scar is surprisingly pure: the quantum probability density accumulated along the PO shows clearly the pattern predicted by Bogomolny for an average over many eigenfunctions existing in a classically small energy window&nbsp;[<xref ref-type="bibr" rid="epl17027bib2">2</xref>]. Nevertheless, by analyzing a lot of highly excited eigenfunctions of the stadium, we conclude that the scar observed in fig.&nbsp;<xref ref-type="fig" rid="epl17027fig3">3</xref> is very exceptional. We believe that it emerges as a result of the coherent contribution of many homoclinic orbits with long excursion time.</p>
</list-item>
<list-item id="epl17027l1.7">
<label>vii)</label>
<p>We notice that the parameter <italic>s</italic> can be written in terms of the Heisenberg time, <inline-formula id="epl17027ieqn181"><tex-math><?CDATA $t_H$ ?></tex-math>
<inline-graphic xmlns:xlink="http://www.w3.org/1999/xlink" xlink:href="epl17027ieqn181.gif"/>
</inline-formula>, as follows: <inline-formula id="epl17027ieqn182"><tex-math><?CDATA $s\simeq \lambda t_H /(2 \pi \sqrt{2})$ ?></tex-math>
<inline-graphic xmlns:xlink="http://www.w3.org/1999/xlink" xlink:href="epl17027ieqn182.gif"/>
</inline-formula>; this emphasizes that our model analyzes the long-time dynamics of the scarring phenomenon.</p>
</list-item>
<list-item id="epl17027l1.8">
<label>viii)</label>
<p>The statistical model is based on the contribution of many homoclinic orbits to produce the scar intensity; nevertheless, this requirement is not satisfied for small values of <italic>s</italic>. For instance, with <inline-formula id="epl17027ieqn183"><tex-math><?CDATA $s \le 1$ ?></tex-math>
<inline-graphic xmlns:xlink="http://www.w3.org/1999/xlink" xlink:href="epl17027ieqn183.gif"/>
</inline-formula> the resonance is essentially characterized by one or two intensities; then, it is very close to an eigenfunction and strongly influenced by the primary homoclinic orbits&nbsp;[<xref ref-type="bibr" rid="epl17027bib4">4</xref>]. In this situation, the obtained expressions should not be so good.</p>
</list-item>
<list-item id="epl17027l1.9">
<label>ix)</label>
<p>The use of extreme values in the context of <italic>quantum chaos</italic>, introduced in ref.&nbsp;[<xref ref-type="bibr" rid="epl17027bib22">22</xref>], was extended in several ways; for instance, ref.&nbsp;[<xref ref-type="bibr" rid="epl17027bib25">25</xref>] studies the extreme intensities in the position basis of eigenstates of the kicked rotor.</p>
</list-item>
</list>
<fig id="epl17027fig3" position="float" fig-type="figure">
<label>Fig. 3:</label>
<caption id="epl17027fc3">
<p>Linear density plot for the square modulus of the even-even eigenfunction with wave number 923.1972 8127.</p>
</caption>
<graphic id="epl17027f3_eps" content-type="print" xlink:href="epl17027f3_pr.eps"/>
<graphic id="epl17027f3_online" content-type="online" xlink:href="epl17027f3_online.jpg"/>
</fig>
</sec>
<sec id="epl17027s9">
<title>Conclusion</title>
<p>In his seminal paper on scars Heller analyzed the short-time dynamics of a wave packet launched along a short unstable PO, finding the scar intensity to be inversely proportional to the stability index <italic>&lambda;</italic>&nbsp;[<xref ref-type="bibr" rid="epl17027bib1">1</xref>]. Here we analyze the long-time dynamics of resonances of the PO in terms of a simple statistical model without free parameters, finding the distribution of scar intensities surviving the semiclassical limit. The obtained expressions verify an impressive accord with numerical data in the quantum Bunimovich stadium billiard, and this means that the hypothesis of uncorrelated homoclinic contributions used in the statistical model works.</p>
</sec>
</body>
<back>
<ref-list content-type="numerical">
<title>References</title>
<ref id="epl17027bib1">
<label>1</label>
<element-citation publication-type="journal">
<person-group person-group-type="author">
<name><surname>Heller</surname><given-names>E. J.</given-names></name>
</person-group>
<year>1984</year>
<source>Phys. Rev. Lett.</source>
<volume>53</volume>
<fpage>1515</fpage>
</element-citation>
</ref>
<ref id="epl17027bib2">
<label>2</label>
<element-citation publication-type="journal">
<person-group person-group-type="author">
<name><surname>Bogomolny</surname><given-names>E. B.</given-names></name>
</person-group>
<year>1988</year>
<source>Physica D</source>
<volume>31</volume>
<fpage>169</fpage>
</element-citation>
</ref>
<ref id="epl17027bib3">
<label>3</label>
<element-citation publication-type="journal">
<person-group person-group-type="author">
<name><surname>Berry</surname><given-names>M. V.</given-names></name>
</person-group>
<year>1989</year>
<source>Proc. R. Soc. London, Ser. A</source>
<volume>423</volume>
<fpage>219</fpage>
</element-citation>
</ref>
<ref id="epl17027bib4">
<label>4</label>
<element-citation publication-type="journal">
<person-group person-group-type="author">
<name><surname>Ozorio de Almeida</surname><given-names>A. M.</given-names></name>
</person-group>
<year>1989</year>
<source>Nonlinearity</source>
<volume>2</volume>
<fpage>519</fpage>
</element-citation>
</ref>
<ref id="epl17027bib5">
<label>5</label>
<element-citation publication-type="journal">
<person-group person-group-type="author">
<name><surname>Agam</surname><given-names>O.</given-names></name>
<name><surname>Fishman</surname><given-names>S.</given-names></name>
</person-group>
<year>1994</year>
<source>Phys. Rev. Lett.</source>
<volume>73</volume>
<fpage>806</fpage>
</element-citation>
</ref>
<ref id="epl17027bib6">
<label>6</label>
<element-citation publication-type="journal">
<person-group person-group-type="author">
<name><surname>Kaplan</surname><given-names>L.</given-names></name>
<name><surname>Heller</surname><given-names>E. J.</given-names></name>
</person-group>
<year>1998</year>
<source>Ann. Phys.</source>
<volume>264</volume>
<fpage>171</fpage>
</element-citation>
</ref>
<ref id="epl17027bib7">
<label>7</label>
<element-citation publication-type="journal">
<person-group person-group-type="author">
<name><surname>Kaplan</surname><given-names>L.</given-names></name>
</person-group>
<year>1998</year>
<source>Phys. Rev. Lett.</source>
<volume>80</volume>
<fpage>2582</fpage>
</element-citation>
</ref>
<ref id="epl17027bib8">
<label>8</label>
<element-citation publication-type="journal">
<person-group person-group-type="author">
<name><surname>Vergini</surname><given-names>E. G.</given-names></name>
<name><surname>Carlo</surname><given-names>G. G.</given-names></name>
</person-group>
<year>2001</year>
<source>J. Phys. A: Math. Gen.</source>
<volume>34</volume>
<fpage>4525</fpage>
</element-citation>
</ref>
<ref id="epl17027bib9">
<label>9</label>
<element-citation publication-type="journal">
<person-group person-group-type="author">
<name><surname>Keating</surname><given-names>J. P.</given-names></name>
<name><surname>Prado</surname><given-names>S. D.</given-names></name>
</person-group>
<year>2001</year>
<source>Proc. R. Soc. London, Ser. A</source>
<volume>457</volume>
<fpage>1855</fpage>
</element-citation>
</ref>
<ref id="epl17027bib10">
<label>10</label>
<element-citation publication-type="journal">
<person-group person-group-type="author">
<name><surname>Wisniacki</surname><given-names>D. A.</given-names></name>
<name><surname>Vergini</surname><given-names>E.</given-names></name>
<name><surname>Benito</surname><given-names>R. M.</given-names></name>
<name><surname>Borondo</surname><given-names>F.</given-names></name>
</person-group>
<year>2005</year>
<source>Phys. Rev. Lett.</source>
<volume>94</volume>
<elocation-id content-type="artnum">054101</elocation-id>
</element-citation>
</ref>
<ref id="epl17027bib11">
<label>11</label>
<element-citation publication-type="journal">
<person-group person-group-type="author">
<name><surname>Wisniacki</surname><given-names>D. A.</given-names></name>
<name><surname>Vergini</surname><given-names>E.</given-names></name>
<name><surname>Benito</surname><given-names>R. M.</given-names></name>
<name><surname>Borondo</surname><given-names>F.</given-names></name>
</person-group>
<year>2006</year>
<source>Phys. Rev. Lett.</source>
<volume>97</volume>
<elocation-id content-type="artnum">094101</elocation-id>
</element-citation>
</ref>
<ref id="epl17027bib12">
<label>12</label>
<element-citation publication-type="journal">
<person-group person-group-type="author">
<name><surname>Vergini</surname><given-names>E. G.</given-names></name>
<name><surname>Sibert</surname><given-names>E. L.</given-names><suffix>III</suffix></name>
<name><surname>Revuelta</surname><given-names>F.</given-names></name>
<name><surname>Benito</surname><given-names>R. M.</given-names></name>
<name><surname>Borondo</surname><given-names>F.</given-names></name>
</person-group>
<year>2010</year>
<source>EPL</source>
<volume>89</volume>
<elocation-id content-type="artnum">40013</elocation-id>
</element-citation>
</ref>
<ref id="epl17027bib13">
<label>13</label>
<element-citation publication-type="journal">
<person-group person-group-type="author">
<name><surname>Vergini</surname><given-names>E. G.</given-names></name>
</person-group>
<year>2012</year>
<source>Phys. Rev. Lett.</source>
<volume>108</volume>
<elocation-id content-type="artnum">264101</elocation-id>
</element-citation>
</ref>
<ref id="epl17027bib14">
<label>14</label>
<element-citation publication-type="journal">
<person-group person-group-type="author">
<name><surname>Sridhar</surname><given-names>S.</given-names></name>
</person-group>
<year>1991</year>
<source>Phys. Rev. Lett.</source>
<volume>67</volume>
<fpage>785</fpage>
</element-citation>
</ref>
<ref id="epl17027bib15">
<label>15</label>
<element-citation publication-type="journal">
<person-group person-group-type="author">
<name><surname>M&uuml;ller</surname><given-names>K.</given-names></name>
<name><surname>Wintgen</surname><given-names>D.</given-names></name>
</person-group>
<year>1994</year>
<source>J. Phys. B</source>
<volume>27</volume>
<fpage>2693</fpage>
</element-citation>
</ref>
<ref id="epl17027bib16">
<label>16</label>
<element-citation publication-type="journal">
<person-group person-group-type="author">
<name><surname>Wilkinson</surname><given-names>P. B.</given-names></name><etal/>
</person-group>
<year>1996</year>
<source>Nature</source>
<volume>380</volume>
<fpage>608</fpage>
</element-citation>
</ref>
<ref id="epl17027bib17">
<label>17</label>
<element-citation publication-type="journal">
<person-group person-group-type="author">
<name><surname>Kim</surname><given-names>Y.&hyphen;H.</given-names></name>
<name><surname>Barth</surname><given-names>M.</given-names></name>
<name><surname>St&ouml;ckmann</surname><given-names>H.&hyphen;J.</given-names></name>
</person-group>
<year>2002</year>
<source>Phys. Rev. B</source>
<volume>65</volume>
<elocation-id content-type="artnum">165317</elocation-id>
</element-citation>
</ref>
<ref id="epl17027bib18">
<label>18</label>
<element-citation publication-type="journal">
<person-group person-group-type="author">
<name><surname>Michel</surname><given-names>C.</given-names></name>
<name><surname>Doya</surname><given-names>V.</given-names></name>
<name><surname>Legrand</surname><given-names>O.</given-names></name>
<name><surname>Mortessagne</surname><given-names>F.</given-names></name>
</person-group>
<year>2007</year>
<source>Phys. Rev. Lett.</source>
<volume>99</volume>
<elocation-id content-type="artnum">224101</elocation-id>
</element-citation>
</ref>
<ref id="epl17027bib19">
<label>19</label>
<element-citation publication-type="journal">
<person-group person-group-type="author">
<name><surname>Liang</surname><given-names>H.</given-names></name><etal/>
</person-group>
<year>2009</year>
<source>J. Phys.: Condens. Matter</source>
<volume>21</volume>
<elocation-id content-type="artnum">344203</elocation-id>
</element-citation>
</ref>
<ref id="epl17027bib20">
<label>20</label>
<element-citation publication-type="journal">
<person-group person-group-type="author">
<name><surname>Song</surname><given-names>Q. H.</given-names></name>
<name><surname>Cao</surname><given-names>H.</given-names></name>
</person-group>
<year>2010</year>
<source>Phys. Rev. Lett.</source>
<volume>105</volume>
<elocation-id content-type="artnum">103902</elocation-id>
</element-citation>
</ref>
<ref id="epl17027bib21">
<label>21</label>
<element-citation publication-type="journal">
<person-group person-group-type="author">
<name><surname>Vergini</surname><given-names>E. G.</given-names></name>
</person-group>
<year>2000</year>
<source>J. Phys. A: Math. Gen.</source>
<volume>33</volume>
<fpage>4709</fpage>
</element-citation>
</ref>
<ref id="epl17027bib22">
<label>22</label>
<element-citation publication-type="journal">
<person-group person-group-type="author">
<name><surname>Vergini</surname><given-names>E. G.</given-names></name>
</person-group>
<year>2004</year>
<source>J. Phys. A: Math. Gen.</source>
<volume>37</volume>
<fpage>6507</fpage>
</element-citation>
</ref>
<ref id="epl17027bib23">
<label>23</label>
<element-citation publication-type="journal">
<person-group person-group-type="author">
<name><surname>Antonsen</surname><given-names>T. M.</given-names><suffix>jr.</suffix></name>
<name><surname>Ott</surname><given-names>E.</given-names></name>
<name><surname>Chen</surname><given-names>Q.</given-names></name>
<name><surname>Oerter</surname><given-names>R. N.</given-names></name>
</person-group>
<year>1995</year>
<source>Phys. Rev. E</source>
<volume>51</volume>
<fpage>111</fpage>
</element-citation>
</ref>
<ref id="epl17027bib24">
<label>24</label>
<element-citation publication-type="book">
<person-group person-group-type="author">
<name><surname>Cram&eacute;r</surname><given-names>H.</given-names></name>
</person-group>
<year>1961</year>
<source>Mathematical Methods of Statistics</source>
<publisher-loc>Princeton, NJ</publisher-loc>
<publisher-name>Princeton University Press</publisher-name>
</element-citation>
</ref>
<ref id="epl17027bib25">
<label>25</label>
<element-citation publication-type="journal">
<person-group person-group-type="author">
<name><surname>Lakshminarayan</surname><given-names>A.</given-names></name>
<name><surname>Tomsovic</surname><given-names>S.</given-names></name>
<name><surname>Bohigas</surname><given-names>O.</given-names></name>
<name><surname>Majumdar</surname><given-names>S. N.</given-names></name>
</person-group>
<year>2008</year>
<source>Phys. Rev. Lett.</source>
<volume>100</volume>
<elocation-id content-type="artnum">044103</elocation-id>
</element-citation>
</ref>
</ref-list>
</back>
</article>