<?xml version="1.0" encoding="ISO-8859-1"?>
<!DOCTYPE article PUBLIC "-//NLM//DTD Journal Publishing DTD v3.0 20080202//EN" "journalpublishing3.dtd">
<article article-type="rapid-communication" xmlns:mml="http://www.w3.org/1998/Math/MathML" xmlns:xlink="http://www.w3.org/1999/xlink">
<front>
<journal-meta>
<journal-id journal-id-type="publisher-id">epl</journal-id>
<journal-id journal-id-type="coden">EULEEJ</journal-id>
<journal-title-group>
<journal-title>Europhysics Letters</journal-title>
<abbrev-journal-title abbrev-type="IOP">EPL</abbrev-journal-title>
<abbrev-journal-title abbrev-type="publisher">EPL</abbrev-journal-title>
</journal-title-group>
<issn pub-type="ppub">0295-5075</issn>
<issn pub-type="epub">1286-4854</issn>
<publisher>
<publisher-name>EDP Sciences, IOP Publishing and Societ&agrave; Italiana di Fisica</publisher-name>
</publisher>
</journal-meta>
<article-meta>
<article-id pub-id-type="publisher-id">epl17021</article-id>
<article-id pub-id-type="doi">10.1209/0295-5075/110/16004</article-id>
<article-id pub-id-type="manuscript">17021</article-id>
<article-categories>
<subj-group subj-group-type="article-type">
<subject>Letter</subject>
</subj-group>
<subj-group subj-group-type="section">
<subject>60 Condensed matter: structural, mechanical and thermal properties</subject>
</subj-group>
</article-categories>
<title-group>
<article-title>Atomistic two-temperature modelling of ion track formation in silicon dioxide</article-title>
<alt-title alt-title-type="ascii">Atomistic two-temperature modelling of ion track formation in silicon dioxide</alt-title>
<alt-title alt-title-type="short">Atomistic two-temperature modelling of ion track formation in silicon dioxide</alt-title>
<alt-title alt-title-type="short-ascii">Atomistic two-temperature modelling of ion track formation in silicon dioxide</alt-title>
</title-group>
<contrib-group content-type="all">
<contrib contrib-type="author">
<name><surname>Leino</surname><given-names>A. A.</given-names></name>
<xref ref-type="aff" rid="epl17021af1">1</xref>
</contrib>
<contrib contrib-type="author">
<name><surname>Daraszewicz</surname><given-names>S. L.</given-names></name>
<xref ref-type="aff" rid="epl17021af2">2</xref>
</contrib>
<contrib contrib-type="author">
<name><surname>Pakarinen</surname><given-names>O. H.</given-names></name>
<xref ref-type="aff" rid="epl17021af1">1</xref>
</contrib>
<contrib contrib-type="author">
<name><surname>Nordlund</surname><given-names>K.</given-names></name>
<xref ref-type="aff" rid="epl17021af1">1</xref>
</contrib>
<contrib contrib-type="author">
<name><surname>Djurabekova</surname><given-names>F.</given-names></name>
<xref ref-type="aff" rid="epl17021af1">1</xref>
</contrib>
<aff id="epl17021af1"><label>1</label>Helsinki Institute of Physics and Department of Physics, <institution>University of Helsinki</institution> - P.O. Box 43, FI-00014, Helsinki, <country>Finland</country></aff>
<aff id="epl17021af2"><label>2</label><institution>University College London</institution>, Department of Physics and Astronomy and London Centre for Nanotechnology Gower Street, London, WC1E 6BT, <country>UK</country></aff>
<author-comment content-type="short-author-list"><p>A. A. Leino <italic>et al</italic>.</p>
</author-comment>
</contrib-group>
<pub-date pub-type="ppub"><month>4</month><year>2015</year></pub-date>
<pub-date pub-type="epub"><day>24</day><month>4</month><year>2015</year></pub-date>
<volume>110</volume>
<issue>1</issue>
<elocation-id content-type="artnum">16004</elocation-id>
<history>
<date date-type="received"><day>13</day><month>10</month><year>2014</year></date>
<date date-type="accepted"><day>2</day><month>4</month><year>2015</year></date>
</history>
<permissions>
<copyright-statement>Copyright &copy; EPLA, 2015</copyright-statement>
<copyright-year>2015</copyright-year>
</permissions>
<self-uri xlink:href="http://stacks.iop.org/EPL/110/16004"/>
<abstract>
<title>Abstract</title>
<p>We study swift-heavy-ion track formation in <italic>&alpha;</italic>-quartz using the two-temperature molecular dynamics (2T-MD) model realised as a concurrent multiscale scheme. We compare the simulated track radii to the existing experimental ones obtained from small-angle X-ray scattering and Rutherford backscattering experiments. The 2T-MD model provides an explanation of the origin of the track radii saturation at high electronic stopping power. Furthermore, we study the track structure and show that defects formed outside the region of density fluctuations after a swift-heavy-ion impact may explain the conflicting track radii produced by the two experimental techniques.</p>
</abstract>
<kwd-group kwd-group-type="author-pacs">
<kwd>61.80.Jh</kwd>
<kwd>61.43.Bn</kwd>
</kwd-group>
<counts>
<page-count count="5"/>
</counts>
<custom-meta-group>
<custom-meta>
<meta-name>ccc</meta-name>
<meta-value></meta-value>
</custom-meta>
<custom-meta><meta-name>printed</meta-name>
<meta-value>Printed in France</meta-value>
</custom-meta>
</custom-meta-group>
</article-meta>
</front>
<body>
<sec id="epl17021s1">
<title></title>
<p>High-energy heavy ions produced by natural radioactive decay or in ion accelerators can produce micron-long and nanometer-wide damage in materials&nbsp;[<xref ref-type="bibr" rid="epl17021bib1">1</xref>&ndash;<xref ref-type="bibr" rid="epl17021bib8">8</xref>]. These structures are called swift-heavy-ion (SHI) tracks (hereafter referred to as &ldquo;tracks&rdquo;). They are routinely used in practical applications, <italic>e.g.</italic> to create holes in polymer membranes&nbsp;[<xref ref-type="bibr" rid="epl17021bib8">8</xref>], in fission track dating and electronics. The explanation of the formation of the SHI tracks has been attempted through Coulomb explosion&nbsp;[<xref ref-type="bibr" rid="epl17021bib9">9</xref>&ndash;<xref ref-type="bibr" rid="epl17021bib11">11</xref>], inelastic thermal spike&nbsp;[<xref ref-type="bibr" rid="epl17021bib3">3</xref>,<xref ref-type="bibr" rid="epl17021bib5">5</xref>,<xref ref-type="bibr" rid="epl17021bib12">12</xref>,<xref ref-type="bibr" rid="epl17021bib13">13</xref>] and exciton self-trapping models&nbsp;[<xref ref-type="bibr" rid="epl17021bib14">14</xref>,<xref ref-type="bibr" rid="epl17021bib15">15</xref>], or combinations of these&nbsp;[<xref ref-type="bibr" rid="epl17021bib16">16</xref>,<xref ref-type="bibr" rid="epl17021bib17">17</xref>].</p>
<p>The track radii measurements are often contradictory. In one of the most studied cases&nbsp;[<xref ref-type="bibr" rid="epl17021bib3">3</xref>], ion tracks formed in initially high-quality quartz, two different well-established types of experiments, Rutherford backscattering-channeling (RBS-c) and small-angle X-ray scattering (SAXS), give up to a factor of two difference in the track radii&nbsp;[<xref ref-type="bibr" rid="epl17021bib18">18</xref>] for similar irradiation conditions.</p>
<p>In this letter, we present a two-temperature molecular dynamics (2T-MD) study&nbsp;[<xref ref-type="bibr" rid="epl17021bib7">7</xref>,<xref ref-type="bibr" rid="epl17021bib17">17</xref>], which directly links the atomistic modelling data to the SAXS and RBS-c experiments, thereby explaining the origin of the experimental discrepancy. We obtain a good quantitative agreement between the 2T-MD model and experiments and explain the origin of the track radii saturation with the electronic stopping power, <italic>S</italic><sub><italic>e</italic></sub>, defined as an average energy loss of an impinging ion per unit distance. Furthermore, by moving away from the commonly used free-electron gas approximation&nbsp;[<xref ref-type="bibr" rid="epl17021bib19">19</xref>] for the excited electrons, we build a more realistic two-temperature description for band-gap materials for track simulations, resulting in a model free of fitting parameters.</p>
<p>The two-temperature model is used to describe a non-equilibrium state of matter with initially different electronic <inline-formula id="epl17021ieqn1"><tex-math><?CDATA $(T_e)$ ?></tex-math>
<inline-graphic xmlns:xlink="http://www.w3.org/1999/xlink" xlink:href="epl17021ieqn1.gif"/>
</inline-formula> and ionic <inline-formula id="epl17021ieqn2"><tex-math><?CDATA $(T_i)$ ?></tex-math>
<inline-graphic xmlns:xlink="http://www.w3.org/1999/xlink" xlink:href="epl17021ieqn2.gif"/>
</inline-formula> temperatures, formed following an irradiation event. The spatiotemporal evolution of these two temperatures is assumed to be linked by the energy exchange term proportional to the effective electron-phonon (e-p) coupling strength, <italic>G</italic>&nbsp;[<xref ref-type="bibr" rid="epl17021bib20">20</xref>,<xref ref-type="bibr" rid="epl17021bib21">21</xref>]. The model was successfully used to describe laser-matter interaction in metals&nbsp;[<xref ref-type="bibr" rid="epl17021bib22">22</xref>]. Its inelastic thermal spike variant, which assumes inelastic scattering of a projectile SHI of electrons of a target material, leading to a high local <italic>T</italic><sub><italic>e</italic></sub>, was used to model SHI interaction with metals, semiconductors&nbsp;[<xref ref-type="bibr" rid="epl17021bib23">23</xref>] and insulators&nbsp;[<xref ref-type="bibr" rid="epl17021bib5">5</xref>,<xref ref-type="bibr" rid="epl17021bib24">24</xref>].</p>
<p>2T-MD combines a continuum model of the electronic-energy transport and storage with classical MD&nbsp;[<xref ref-type="bibr" rid="epl17021bib25">25</xref>] in a concurrent multiscale scheme. The electronic temperature <inline-formula id="epl17021ieqn3"><tex-math><?CDATA $(T_e)$ ?></tex-math>
<inline-graphic xmlns:xlink="http://www.w3.org/1999/xlink" xlink:href="epl17021ieqn3.gif"/>
</inline-formula> is assumed to evolve according to a heat diffusion equation:
<disp-formula id="epl17021eqn1">
<label>1</label><tex-math><?CDATA \begin{equation}
C_e (T_e) \frac{\partial T_e}{\partial t} = \nabla\cdot(\kappa_e\nabla T_e) - G (T_e) \cdot (T_e - T_i) + A(r_{\perp} (v)),
\end{equation} ?></tex-math>
<graphic xmlns:xlink="http://www.w3.org/1999/xlink" xlink:href="epl17021eqn1.gif"/>
</disp-formula>
where <italic>C</italic><sub><italic>e</italic></sub> is the electronic heat capacity, <inline-formula id="epl17021ieqn4"><tex-math><?CDATA $\kappa_e$ ?></tex-math>
<inline-graphic xmlns:xlink="http://www.w3.org/1999/xlink" xlink:href="epl17021ieqn4.gif"/>
</inline-formula> the electronic thermal conductivity and <italic>T</italic><sub><italic>i</italic></sub> is the local ionic temperature. The source term <italic>A</italic> describes the energy input from delta electrons emitted perpendicularly <inline-formula id="epl17021ieqn5"><tex-math><?CDATA $(r_{\perp})$ ?></tex-math>
<inline-graphic xmlns:xlink="http://www.w3.org/1999/xlink" xlink:href="epl17021ieqn5.gif"/>
</inline-formula> to SHI travelling at velocity <italic>v</italic>. Concurrently with the spatiotemporal evolution of <italic>T</italic><sub><italic>e</italic></sub> the MD is solved according to&nbsp;[<xref ref-type="bibr" rid="epl17021bib25">25</xref>]
<disp-formula id="epl17021eqn2">
<label>2</label><tex-math><?CDATA \begin{equation}
m_i \frac{\partial v_i}{\partial t} = F_i(t) + \xi m_i v_i.
\end{equation} ?></tex-math>
<graphic xmlns:xlink="http://www.w3.org/1999/xlink" xlink:href="epl17021eqn2.gif"/>
</disp-formula>
Here, <inline-formula id="epl17021ieqn6"><tex-math><?CDATA $F_i(t)$ ?></tex-math>
<inline-graphic xmlns:xlink="http://www.w3.org/1999/xlink" xlink:href="epl17021ieqn6.gif"/>
</inline-formula> is the classical force on an atom <italic>i</italic> derived from the MD potential and <inline-formula id="epl17021ieqn7"><tex-math><?CDATA $\xi m_i v_i$ ?></tex-math>
<inline-graphic xmlns:xlink="http://www.w3.org/1999/xlink" xlink:href="epl17021ieqn7.gif"/>
</inline-formula> is the additional driving term related to <italic>G</italic>. This term introduces energy exchange between the molecular dynamics equations of motion and eq.&nbsp;(<xref ref-type="disp-formula" rid="epl17021eqn1">1</xref>). The magnitude of <italic>&xi;</italic> is chosen to ensure energy conservation based on the 3rd term in eq.&nbsp;(<xref ref-type="disp-formula" rid="epl17021eqn1">1</xref>).</p>
<p>The atomistic description of the two-temperature model includes density changes after a phase transition, emission of shock waves and lattice straining, defect-level description of damage and the effects of superheating on defect generation&nbsp;[<xref ref-type="bibr" rid="epl17021bib7">7</xref>,<xref ref-type="bibr" rid="epl17021bib26">26</xref>].</p>
<p>We use the Munetoh parameterization of the Tersoff potential for the Si-O system&nbsp;[<xref ref-type="bibr" rid="epl17021bib27">27</xref>]. We calculate the melting point <inline-formula id="epl17021ieqn8"><tex-math><?CDATA $(T_m)$ ?></tex-math>
<inline-graphic xmlns:xlink="http://www.w3.org/1999/xlink" xlink:href="epl17021ieqn8.gif"/>
</inline-formula> of the potential using the energy conserving coexistence method&nbsp;[<xref ref-type="bibr" rid="epl17021bib28">28</xref>] and obtain <inline-formula id="epl17021ieqn9"><tex-math><?CDATA $(2450 \pm 100)\ \text{K}$ ?></tex-math>
<inline-graphic xmlns:xlink="http://www.w3.org/1999/xlink" xlink:href="epl17021ieqn9.gif"/>
</inline-formula>, which is close to the experimental value (2045 K in&nbsp;[<xref ref-type="bibr" rid="epl17021bib29">29</xref>]) and significantly better than as given by other potentials (<italic>i.e.</italic>, the Watanabe one with <inline-formula id="epl17021ieqn10"><tex-math><?CDATA $T_m =
3500 \pm 500\ \text{K}$ ?></tex-math>
<inline-graphic xmlns:xlink="http://www.w3.org/1999/xlink" xlink:href="epl17021ieqn10.gif"/>
</inline-formula>&nbsp;[<xref ref-type="bibr" rid="epl17021bib30">30</xref>]). The system size used was <inline-formula id="epl17021ieqn11"><tex-math><?CDATA $20\ \text{nm} \times 20\ \text{nm} \times4\ \text{nm}$ ?></tex-math>
<inline-graphic xmlns:xlink="http://www.w3.org/1999/xlink" xlink:href="epl17021ieqn11.gif"/>
</inline-formula> and the simulations were run for 45 ps. During this time the temperature of the structure in the track region decreased below the <italic>&alpha;</italic>-quartz melting point and no further track radius development was observed. Afterwards, the system was cooled to room temperature with an additional simulation. This simulation was run for 5 ps. Both ion and electron subsystems are cooled to 300 K at the borders perpendicular to ion impact direction. As in the experiments, irradiation is performed along the <italic>c</italic>-axis.</p>
<p>The use of a free-electron gas model electronic specific-heat capacity <inline-formula id="epl17021ieqn12"><tex-math><?CDATA $C_e(T_e)$ ?></tex-math>
<inline-graphic xmlns:xlink="http://www.w3.org/1999/xlink" xlink:href="epl17021ieqn12.gif"/>
</inline-formula> leads to severely incorrect computation of <italic>T</italic><sub><italic>e</italic></sub> in excited systems even for metals&nbsp;[<xref ref-type="bibr" rid="epl17021bib31">31</xref>,<xref ref-type="bibr" rid="epl17021bib32">32</xref>]. We obtain <inline-formula id="epl17021ieqn13"><tex-math><?CDATA $C_e(T_e)$ ?></tex-math>
<inline-graphic xmlns:xlink="http://www.w3.org/1999/xlink" xlink:href="epl17021ieqn13.gif"/>
</inline-formula> from the finite-temperature generalisation&nbsp;[<xref ref-type="bibr" rid="epl17021bib33">33</xref>] of the density functional theory (DFT)&nbsp;[<xref ref-type="bibr" rid="epl17021bib34">34</xref>,<xref ref-type="bibr" rid="epl17021bib35">35</xref>] using Quantum Espresso&nbsp;[<xref ref-type="bibr" rid="epl17021bib36">36</xref>]. We use the local density approximation (LDA)&nbsp;[<xref ref-type="bibr" rid="epl17021bib37">37</xref>], plane-wave basis set of an energy cutoff of 72 Ha and a <inline-formula id="epl17021ieqn14"><tex-math><?CDATA $2 \times 2 \times 2$ ?></tex-math>
<inline-graphic xmlns:xlink="http://www.w3.org/1999/xlink" xlink:href="epl17021ieqn14.gif"/>
</inline-formula> Monkhorst-Pack scheme <italic>k</italic>-points mesh. The electronic specific heat is evaluated from the internal energy <italic>E</italic><sub><italic>e</italic></sub> derivative with respect to the electronic temperature: <inline-formula id="epl17021ieqn15"><tex-math><?CDATA $C_{e}(T_{e}) = \partial E_{e} / \partial T_{e}$ ?></tex-math>
<inline-graphic xmlns:xlink="http://www.w3.org/1999/xlink" xlink:href="epl17021ieqn15.gif"/>
</inline-formula>. Our <inline-formula id="epl17021ieqn16"><tex-math><?CDATA $C_e(T_e)$ ?></tex-math>
<inline-graphic xmlns:xlink="http://www.w3.org/1999/xlink" xlink:href="epl17021ieqn16.gif"/>
</inline-formula> calculation (fig.&nbsp;<xref ref-type="fig" rid="epl17021fig1">1</xref>) accounts for the electronic density of states (DOS)&nbsp;[<xref ref-type="bibr" rid="epl17021bib31">31</xref>] change and its modification at elevated <italic>T</italic><sub><italic>e</italic></sub>&nbsp;[<xref ref-type="bibr" rid="epl17021bib38">38</xref>]. We note that our LDA calculations give an indirect band gap of <inline-formula id="epl17021ieqn17"><tex-math><?CDATA $E_g = 5.9\ \text{eV}$ ?></tex-math>
<inline-graphic xmlns:xlink="http://www.w3.org/1999/xlink" xlink:href="epl17021ieqn17.gif"/>
</inline-formula> (in line with the LDA result of <inline-formula id="epl17021ieqn18"><tex-math><?CDATA $E_g = 5.8\ \text{eV}$ ?></tex-math>
<inline-graphic xmlns:xlink="http://www.w3.org/1999/xlink" xlink:href="epl17021ieqn18.gif"/>
</inline-formula> in&nbsp;[<xref ref-type="bibr" rid="epl17021bib39">39</xref>]), which is less than the experimental value of 8.9 eV&nbsp;[<xref ref-type="bibr" rid="epl17021bib40">40</xref>]. It is not straightforward to estimate the effect of this error on the final simulation results.</p>
<fig id="epl17021fig1" position="float" fig-type="figure">
<label>Fig. 1:</label>
<caption id="epl17021fc1">
<p>(Colour on-line) Right: electronic temperature dependence of the specific-heat capacity <inline-formula id="epl17021ieqn19"><tex-math><?CDATA $C_e(T_e)$ ?></tex-math>
<inline-graphic xmlns:xlink="http://www.w3.org/1999/xlink" xlink:href="epl17021ieqn19.gif"/>
</inline-formula> as calculated with DFT. The dash-dotted line shows the commonly used <italic>C</italic><sub><italic>e</italic></sub> from the free-electron gas model assuming two excited electrons&nbsp;[<xref ref-type="bibr" rid="epl17021bib19">19</xref>]. Left: the same data at lower temperatures for clarity.</p>
</caption>
<graphic id="epl17021f1_eps" content-type="print" xlink:href="epl17021f1_pr.eps"/>
<graphic id="epl17021f1_online" content-type="online" xlink:href="epl17021f1_online.jpg"/>
</fig>
<p>The electron-phonon coupling term (<italic>G</italic>) is known to strongly depend on the electronic temperature in metals&nbsp;[<xref ref-type="bibr" rid="epl17021bib31">31</xref>] and a similar effect is expected in band-gap materials. In contrast to calculations for metals (such as the one in ref.&nbsp;[<xref ref-type="bibr" rid="epl17021bib41">41</xref>]), the standard DFT methods to obtain <italic>G</italic> for band-gap materials do not yet exist, and therefore it is often fitted to yield the correct damage radius.</p>
<p>Moreover, the previous two-temperature model calculations&nbsp;[<xref ref-type="bibr" rid="epl17021bib19">19</xref>] were performed in a way that when the temperature of the electrons is lower than that of the ions, the coupling between the two is assumed to be zero. Although rather arbitrary, this was considered necessary due to the following consideration. Throughout the simulation the thermal energy of the ions is too small to excite electrons to the conduction band <inline-formula id="epl17021ieqn21"><tex-math><?CDATA $(k_b T \ll E_g)$ ?></tex-math>
<inline-graphic xmlns:xlink="http://www.w3.org/1999/xlink" xlink:href="epl17021ieqn21.gif"/>
</inline-formula>. Not much energy transfer can therefore occur from the ions to the electrons. The procedure is not needed when we use a fixed relaxation time <italic>&tau;</italic> and a heat capacity calculated from DFT electronic temperature. We estimate the parameter <italic>G</italic> as a function of the electronic temperature: <inline-formula id="epl17021ieqn22"><tex-math><?CDATA $G(T_e)=C(T_e)/\tau$ ?></tex-math>
<inline-graphic xmlns:xlink="http://www.w3.org/1999/xlink" xlink:href="epl17021ieqn22.gif"/>
</inline-formula>. The energy exchange between ions and electrons is then low at small temperatures (below 50000 K) since the heat capacity is low.</p>
<p>The relaxation time <italic>&tau;</italic> can be directly obtained using a femtosecond laser together with ARPES&nbsp;[<xref ref-type="bibr" rid="epl17021bib42">42</xref>] or reflectivity measurements&nbsp;[<xref ref-type="bibr" rid="epl17021bib43">43</xref>]. For insulators, thus far, only the decay constant of the number density of free carriers has been obtained. A value of <inline-formula id="epl17021ieqn23"><tex-math><?CDATA $\tau = 150\ \text{fs}$ ?></tex-math>
<inline-graphic xmlns:xlink="http://www.w3.org/1999/xlink" xlink:href="epl17021ieqn23.gif"/>
</inline-formula>, which we use in 2T-MD, was obtained&nbsp;[<xref ref-type="bibr" rid="epl17021bib44">44</xref>] for quartz, showing no significant dependence on the intensity of the laser pulse and thus <italic>T</italic><sub><italic>e</italic></sub>. This value is rather an order of magnitude estimate, which could be verified in future, more elaborate experiments.</p>
<p>Out of all the parameters in the 2T-MD model, the electronic diffusivity is the most poorly known. Here, we estimate it with the following rationale. The thermal spike is assumed to occur under charge neutrality, and so produces no net current of charge. Hence the Einstein-Smoluchowski relation holds, and the product of electron velocity and mean free path can be expressed as <inline-formula id="epl17021ieqn24"><tex-math><?CDATA $v \lambda = 3 k T \mu
/e$ ?></tex-math>
<inline-graphic xmlns:xlink="http://www.w3.org/1999/xlink" xlink:href="epl17021ieqn24.gif"/>
</inline-formula>, where <italic>&mu;</italic> is the electron mobility. From kinetic theory, the diffusivity of heat can be expressed as <inline-formula id="epl17021ieqn25"><tex-math><?CDATA $D_e = 1/3 v \lambda = k T \mu
/e$ ?></tex-math>
<inline-graphic xmlns:xlink="http://www.w3.org/1999/xlink" xlink:href="epl17021ieqn25.gif"/>
</inline-formula>. The electronic mobility in silica decreases as 1/T&nbsp;[<xref ref-type="bibr" rid="epl17021bib47">47</xref>]. Using the experimental values of fused quartz&nbsp;[<xref ref-type="bibr" rid="epl17021bib47">47</xref>], we arrive at a constant value of <inline-formula id="epl17021ieqn26"><tex-math><?CDATA $D~\approx~0.6\ \text{cm}^2/ \text{s}$ ?></tex-math>
<inline-graphic xmlns:xlink="http://www.w3.org/1999/xlink" xlink:href="epl17021ieqn26.gif"/>
</inline-formula>. This value provides a very good agreement with the experiments. We also tested that the agreement is not sensivitive to small (10&percnt;) changes in the value.</p>
<p>The energy source term <italic>A</italic> in eq.&nbsp;(<xref ref-type="disp-formula" rid="epl17021eqn1">1</xref>) describes the initial electronic energy distribution (assuming electron thermalization). This distribution results from the electron cascade after a SHI impact and can be calculated using Monte Carlo (MC) simulations&nbsp;[<xref ref-type="bibr" rid="epl17021bib46">46</xref>] or the analytical expressions constructed from the delta-ray theory&nbsp;[<xref ref-type="bibr" rid="epl17021bib48">48</xref>]. To describe <italic>A</italic>, we use the formula given by Zhang <italic>et al</italic>.&nbsp;[<xref ref-type="bibr" rid="epl17021bib45">45</xref>], normalized to give the stopping power as predicted by SRIM&nbsp;[<xref ref-type="bibr" rid="epl17021bib49">49</xref>,<xref ref-type="bibr" rid="epl17021bib50">50</xref>], as it gives good agreement with the MC simulations in ref.&nbsp;[<xref ref-type="bibr" rid="epl17021bib46">46</xref>]. A comparison of distributions predicted by the analytical and MC formulations in the case of Pb ions impact is given in fig.&nbsp;<xref ref-type="fig" rid="epl17021fig2">2</xref>.</p>
<fig id="epl17021fig2" position="float" fig-type="figure">
<label>Fig. 2:</label>
<caption id="epl17021fc2">
<p>(Colour on-line) A comparison between the analytical expression&nbsp;[<xref ref-type="bibr" rid="epl17021bib45">45</xref>] for the delta-electron distribution and the results of the Monte Carlo simulations from ref.&nbsp;[<xref ref-type="bibr" rid="epl17021bib46">46</xref>]. Inset: the energy density within a <inline-formula id="epl17021ieqn27"><tex-math><?CDATA $r = 2\ \text{nm}$ ?></tex-math>
<inline-graphic xmlns:xlink="http://www.w3.org/1999/xlink" xlink:href="epl17021ieqn27.gif"/>
</inline-formula> cylinder according to the formula given by Zhang <italic>et al.</italic>&nbsp;[<xref ref-type="bibr" rid="epl17021bib45">45</xref>] after normalization for the ions used in ref.&nbsp;[<xref ref-type="bibr" rid="epl17021bib18">18</xref>].</p>
</caption>
<graphic id="epl17021f2_eps" content-type="print" xlink:href="epl17021f2_pr.eps"/>
<graphic id="epl17021f2_online" content-type="online" xlink:href="epl17021f2_online.jpg"/>
</fig>
<p>Experimentally, the track radii extracted from the SAXS data reflect the radius of the region of density contrasts due to individual tracks. Therefore, we define the track radius using the density profile calculated from the MD simulations to enable a direct comparison. However, we found that the simple step function used to fit the data from the SAXS experiment&nbsp;[<xref ref-type="bibr" rid="epl17021bib18">18</xref>] does not represent the simulation data well. As expected, in the simulations the density variations are not sharp. To obtain the track radius from MD data for comparison to SAXS measurements, we fit a Fermi function to the density profiles obtained from MD simulations&nbsp;[<xref ref-type="bibr" rid="epl17021bib51">51</xref>] at the region of density fluctuations,
<disp-formula id="epl17021eqn3">
<label>3</label><tex-math><?CDATA \begin{equation}
\rho(r) = \frac{\rho_{\textit{max}} - \rho_0}{\exp{\left [ \frac{r - r_{t}}{\Delta r_t} \right ] + 1}} + \rho_0,\quad r > r(\rho_{\textit{max}}),
\end{equation} ?>
</tex-math>
<graphic xmlns:xlink="http://www.w3.org/1999/xlink" xlink:href="epl17021eqn3.gif"/>
</disp-formula>
where <inline-formula id="epl17021ieqn28"><tex-math><?CDATA $\rho_{\textit{max}}$ ?></tex-math>
<inline-graphic xmlns:xlink="http://www.w3.org/1999/xlink" xlink:href="epl17021ieqn28.gif"/>
</inline-formula> is the maximum density of the overdense shell, <inline-formula id="epl17021ieqn29"><tex-math><?CDATA $\rho_0$ ?></tex-math>
<inline-graphic xmlns:xlink="http://www.w3.org/1999/xlink" xlink:href="epl17021ieqn29.gif"/>
</inline-formula> is density outside of the track and <italic>r</italic><sub><italic>t</italic></sub> is the track radius. The parameter <inline-formula id="epl17021ieqn30"><tex-math><?CDATA $\Delta r_t$ ?></tex-math>
<inline-graphic xmlns:xlink="http://www.w3.org/1999/xlink" xlink:href="epl17021ieqn30.gif"/>
</inline-formula> characterises the width of the transition from the modified density to the bulk density, and therefore serves as an error estimate for the track radius. The track radii obtained from these fits reflect well the radius of the amorphized region, as seen from the circles in fig.&nbsp;<xref ref-type="fig" rid="epl17021fig3">3</xref> and the error corresponds to the error in <italic>r</italic> from a repetitive, randomized MD simulation for a single datapoint.</p>
<fig id="epl17021fig3" position="float" fig-type="figure">
<label>Fig. 3:</label>
<caption id="epl17021fc3">
<p>(Colour on-line) Snapshot of a relatively small track (27 MeV Au, top) and a bigger one at the saturation region (1.4 GeV Au, bottom). The circles are the track radii that are obtained by fitting the parameters in eq.&nbsp;(<xref ref-type="disp-formula" rid="epl17021eqn3">3</xref>) and atoms labelled as defects are drawn as large spheres.</p>
</caption>
<graphic id="epl17021f3_eps" content-type="print" xlink:href="epl17021f3_pr.eps"/>
<graphic id="epl17021f3_online" content-type="online" xlink:href="epl17021f3_online.jpg"/>
</fig>
<p>The RBS-c measurements can be used to obtain the ratio of pristine channels to defected ones. With the assumption that the damage is contained in a cylindrical region, this data can be used to calculate the track radius. For qualitative comparison with RBS-c, we have identified defects by searching atoms that have broken any of their initial bonds&nbsp;[<xref ref-type="bibr" rid="epl17021bib51">51</xref>]. Atoms labelled as defects are shown as the large spheres in fig.&nbsp;<xref ref-type="fig" rid="epl17021fig3">3</xref>.</p>
<p>The simulated track radii from density for the experimental SAXS ions in&nbsp;[<xref ref-type="bibr" rid="epl17021bib18">18</xref>] is shown in fig.&nbsp;<xref ref-type="fig" rid="epl17021fig4">4</xref>. The figure also shows the experimental track radii for the RBS-c measurements. In contrast to the previous two-temperature model or MD calculations&nbsp;[<xref ref-type="bibr" rid="epl17021bib18">18</xref>], the saturation of the SAXS track radii is reproduced with good accuracy.</p>
<fig id="epl17021fig4" position="float" fig-type="figure">
<label>Fig. 4:</label>
<caption id="epl17021fc4">
<p>(Colour on-line) Track radius as a function of stopping power. The experimental data are from refs.&nbsp;[<xref ref-type="bibr" rid="epl17021bib3">3</xref>,<xref ref-type="bibr" rid="epl17021bib18">18</xref>,<xref ref-type="bibr" rid="epl17021bib52">52</xref>]. Note that the simulated ions are the SAXS ions in ref.&nbsp;[<xref ref-type="bibr" rid="epl17021bib18">18</xref>] and that in the calculations, surface stopping powers are used for simplicity. Therefore, the SAXS track radii error bars are constructed from track polydispersity (change in track radius along the track) and its error. The lines are polynomial fits to the simulation data points to guide the eye. The empty circles indicate a radius at which the defect concentration falls below 1&percnt; in the simulations.</p>
</caption>
<graphic id="epl17021f4_eps" content-type="print" xlink:href="epl17021f4_pr.eps"/>
<graphic id="epl17021f4_online" content-type="online" xlink:href="epl17021f4_online.jpg"/>
</fig>
<p>The reason for the saturation can be immediately seen from the inset in fig.&nbsp;<xref ref-type="fig" rid="epl17021fig2">2</xref>. After 15 keV/nm, the energy density in the vicinity of the ions passing point does not increase linearly anymore, but saturates. The saturation is therefore a consequence of the velocity effect, which follows from the delta-ray production formulas. That is, for ions with equal stopping power, the one with a higher velocity will deposit its energy in a broader area. This reflects the fact that increasing the ion velocity will also increase the electron velocity in a collision and lead to a longer electron range.</p>
<p>While not both RBS-c datasets indicate saturation, it can be seen that the RBS-c radii are systematically higher than the SAXS radii at high stopping powers. To analyze the cause of this difference, we have plotted the radius at which the defect concentration falls below 1&percnt; as measured from the center of the track in fig.&nbsp;<xref ref-type="fig" rid="epl17021fig4">4</xref>. This threshold was chosen based on a reasonable error limit in a RBS-c experiment&nbsp;[<xref ref-type="bibr" rid="epl17021bib53">53</xref>] in defect sensitivity for a qualitative comparison. It can be seen that at high stopping powers, the defected track extends to a region notably larger than the one with density fluctuations. We find these observations as compelling evidence to explain the discrepancies between the two techniques. It should also be noted that these features cannot be included in a continuum description of the heat spike model.</p>
<p>In conclusion, we have studied track formation in silicon dioxide using two-temperature molecular dynamics. We have shown that within this model, the SAXS measurements of the track radius can be faithfully reproduced. Moreover, our simulations indicate that the differences in SHI track radii yielded between the RBS-c and SAXS techniques could be a consequence of their sensitivity to different kinds of defective structures.</p>
<p>Taken together, these results indicate that a heat spike model describes well track formation in SiO<sub>2</sub>. The inelastic thermal spike model can be readily applied to other insulating materials, provided that an accurate electronic heat capacity is given, and implemented with an atomistic description of the lattice melting and defect formation.</p>
</sec>
</body>
<back>
<ack>
<title>Acknowledgments</title>
<p>SLD is funded by EPSRC under the M3S IDTC and CCFE. AAL thanks <sc>Boshra Afra</sc> for useful discussions and NGS-nano and the Academy of Finland for funding.</p>
</ack>
<ref-list content-type="numerical">
<title>References</title>
<ref id="epl17021bib1">
<label>1</label>
<element-citation publication-type="journal">
<person-group person-group-type="author">
<name><surname>Fleischer</surname><given-names>R. L.</given-names></name>
<name><surname>Price</surname><given-names>P. B.</given-names></name>
<name><surname>Walker</surname><given-names>R. M.</given-names></name>
</person-group>
<year>1965</year>
<source>J. Appl. Phys.</source>
<volume>36</volume>
<fpage>3645</fpage>
</element-citation>
</ref>
<ref id="epl17021bib2">
<label>2</label>
<element-citation publication-type="journal">
<person-group person-group-type="author">
<name><surname>Gallagher</surname><given-names>K.</given-names></name>
<name><surname>Brown</surname><given-names>R.</given-names></name>
<name><surname>Johnson</surname><given-names>C.</given-names></name>
</person-group>
<year>1998</year>
<source>Annu. Rev. Earth Planet. Sci.</source>
<volume>26</volume>
<fpage>519</fpage>
</element-citation>
</ref>
<ref id="epl17021bib3">
<label>3</label>
<element-citation publication-type="journal">
<person-group person-group-type="author">
<name><surname>Meftah</surname><given-names>A.</given-names></name>
<name><surname>Brisard</surname><given-names>F.</given-names></name>
<name><surname>Costantini</surname><given-names>J. M.</given-names></name>
<name><surname>Dooryhee</surname><given-names>E.</given-names></name>
<name><surname>Hage&hyphen;Ali</surname><given-names>M.</given-names></name>
<name><surname>Hervieu</surname><given-names>M.</given-names></name>
<name><surname>Stoquert</surname><given-names>J. P.</given-names></name>
<name><surname>Studer</surname><given-names>F.</given-names></name>
<name><surname>Toulemonde</surname><given-names>M.</given-names></name>
</person-group>
<year>1994</year>
<source>Phys. Rev. B</source>
<volume>49</volume>
<elocation-id content-type="artnum">12457</elocation-id>
</element-citation>
</ref>
<ref id="epl17021bib4">
<label>4</label>
<element-citation publication-type="journal">
<person-group person-group-type="author">
<name><surname>Kanjijal</surname><given-names>D.</given-names></name>
</person-group>
<year>2001</year>
<source>Curr. Sci.</source>
<volume>80</volume>
<fpage>1560</fpage>
</element-citation>
</ref>
<ref id="epl17021bib5">
<label>5</label>
<element-citation publication-type="journal">
<person-group person-group-type="author">
<name><surname>Toulemonde</surname><given-names>M.</given-names></name>
<name><surname>Assmann</surname><given-names>W.</given-names></name>
<name><surname>Dufour</surname><given-names>C.</given-names></name>
<name><surname>Meftah</surname><given-names>A.</given-names></name>
<name><surname>Studer</surname><given-names>F.</given-names></name>
<name><surname>Trautmann</surname><given-names>C.</given-names></name>
</person-group>
<year>2006</year>
<source>Mat.&hyphen;Fys. Medd. K. Dan. Vidensk. Selsk.</source>
<volume>52</volume>
<fpage>263</fpage>
</element-citation>
</ref>
<ref id="epl17021bib6">
<label>6</label>
<element-citation publication-type="journal">
<person-group person-group-type="author">
<name><surname>Lang</surname><given-names>M.</given-names></name>
<name><surname>Lian</surname><given-names>J.</given-names></name>
<name><surname>Zhang</surname><given-names>F.</given-names></name>
<name><surname>Hendriks</surname><given-names>B. W.</given-names></name>
<name><surname>Trautmann</surname><given-names>C.</given-names></name>
<name><surname>Neumann</surname><given-names>R.</given-names></name>
<name><surname>Ewing</surname><given-names>R. C.</given-names></name>
</person-group>
<year>2008</year>
<source>Earth Planet. Sci. Lett.</source>
<volume>274</volume>
<fpage>355</fpage>
</element-citation>
</ref>
<ref id="epl17021bib7">
<label>7</label>
<element-citation publication-type="journal">
<person-group person-group-type="author">
<name><surname>Kluth</surname><given-names>P.</given-names></name>
<name><surname>Schnohr</surname><given-names>C. S.</given-names></name>
<name><surname>Pakarinen</surname><given-names>O. H.</given-names></name>
<name><surname>Djurabekova</surname><given-names>F.</given-names></name>
<name><surname>Sprouster</surname><given-names>D. J.</given-names></name>
<name><surname>Giulian</surname><given-names>R.</given-names></name>
<name><surname>Ridgway</surname><given-names>M. C.</given-names></name>
<name><surname>Byrne</surname><given-names>A. P.</given-names></name>
<name><surname>Trautmann</surname><given-names>C.</given-names></name>
<name><surname>Cookson</surname><given-names>D. J.</given-names></name>
<name><surname>Nordlund</surname><given-names>K.</given-names></name>
<name><surname>Toulemonde</surname><given-names>M.</given-names></name>
</person-group>
<year>2008</year>
<source>Phys. Rev. Lett.</source>
<volume>101</volume>
<elocation-id content-type="artnum">175503</elocation-id>
</element-citation>
</ref>
<ref id="epl17021bib8">
<label>8</label>
<element-citation publication-type="journal">
<person-group person-group-type="author">
<name><surname>Weber</surname><given-names>W. J.</given-names></name>
<name><surname>Duffy</surname><given-names>D. M.</given-names></name>
<name><surname>Thom</surname><given-names>L.</given-names></name>
<name><surname>Zhang</surname><given-names>Y.</given-names></name>
</person-group>
<year>2015</year>
<source>Curr. Opin. Solid State Mater. Sci.</source>
<volume>19</volume>
<fpage>1</fpage>
</element-citation>
</ref>
<ref id="epl17021bib9">
<label>9</label>
<element-citation publication-type="journal">
<person-group person-group-type="author">
<name><surname>Klaum&uuml;nzer</surname><given-names>S.</given-names></name>
<name><surname>Hou</surname><given-names>M. D.</given-names></name>
<name><surname>Schumacher</surname><given-names>G.</given-names></name>
</person-group>
<year>1986</year>
<source>Phys. Rev. Lett.</source>
<volume>57</volume>
<fpage>850</fpage>
</element-citation>
</ref>
<ref id="epl17021bib10">
<label>10</label>
<element-citation publication-type="journal">
<person-group person-group-type="author">
<name><surname>Bringa</surname><given-names>E. M.</given-names></name>
</person-group>
<year>2003</year>
<source>Nucl. Instrum. Methods Phys. Res. B</source>
<volume>209</volume>
<fpage>1</fpage>
</element-citation>
</ref>
<ref id="epl17021bib11">
<label>11</label>
<element-citation publication-type="journal">
<person-group person-group-type="author">
<name><surname>Cherednikov</surname><given-names>Y.</given-names></name>
<name><surname>Sun</surname><given-names>S. N.</given-names></name>
<name><surname>Urbassek</surname><given-names>H. M.</given-names></name>
</person-group>
<year>2013</year>
<source>Phys. Rev. B</source>
<volume>87</volume>
<elocation-id content-type="artnum">245424</elocation-id>
</element-citation>
</ref>
<ref id="epl17021bib12">
<label>12</label>
<element-citation publication-type="journal">
<person-group person-group-type="author">
<name><surname>Trautmann</surname><given-names>C.</given-names></name>
<name><surname>Klaum&uuml;nzer</surname><given-names>S.</given-names></name>
<name><surname>Trinkaus</surname><given-names>H.</given-names></name>
</person-group>
<year>2000</year>
<source>Phys. Rev. Lett.</source>
<volume>85</volume>
<fpage>3648</fpage>
</element-citation>
</ref>
<ref id="epl17021bib13">
<label>13</label>
<element-citation publication-type="journal">
<person-group person-group-type="author">
<name><surname>Wang</surname><given-names>Z. G.</given-names></name>
<name><surname>Dufour</surname><given-names>C.</given-names></name>
<name><surname>Paumier</surname><given-names>E.</given-names></name>
<name><surname>Toulemonde</surname><given-names>M.</given-names></name>
</person-group>
<year>1994</year>
<source>J. Phys.: Condens. Matter</source>
<volume>6</volume>
<fpage>6733</fpage>
</element-citation>
</ref>
<ref id="epl17021bib14">
<label>14</label>
<element-citation publication-type="journal">
<person-group person-group-type="author">
<name><surname>Itoh</surname><given-names>N.</given-names></name>
</person-group>
<year>1996</year>
<source>Nucl. Instrum. Methods Phys. Res. B</source>
<volume>116</volume>
<fpage>33</fpage>
</element-citation>
</ref>
<ref id="epl17021bib15">
<label>15</label>
<element-citation publication-type="journal">
<person-group person-group-type="author">
<name><surname>Itoh</surname><given-names>N.</given-names></name>
<name><surname>Duffy</surname><given-names>D. M.</given-names></name>
<name><surname>Khakshouri</surname><given-names>S.</given-names></name>
<name><surname>Stoneham</surname><given-names>A. M.</given-names></name>
</person-group>
<year>2009</year>
<source>J. Phys.: Condens. Matter</source>
<volume>21</volume>
<elocation-id content-type="artnum">474205</elocation-id>
</element-citation>
</ref>
<ref id="epl17021bib16">
<label>16</label>
<element-citation publication-type="journal">
<person-group person-group-type="author">
<name><surname>Bringa</surname><given-names>E. M.</given-names></name>
<name><surname>Johnson</surname><given-names>R. E.</given-names></name>
</person-group>
<year>2002</year>
<source>Phys. Rev. Lett.</source>
<volume>88</volume>
<elocation-id content-type="artnum">165501</elocation-id>
</element-citation>
</ref>
<ref id="epl17021bib17">
<label>17</label>
<element-citation publication-type="journal">
<person-group person-group-type="author">
<name><surname>Ridgway</surname><given-names>M.</given-names></name>
<name><surname>Bierschenk</surname><given-names>T.</given-names></name>
<name><surname>Giulian</surname><given-names>R.</given-names></name>
<name><surname>Afra</surname><given-names>B.</given-names></name>
<name><surname>Rodriguez</surname><given-names>M. D.</given-names></name>
<name><surname>Araujo</surname><given-names>L.</given-names></name>
<name><surname>Byrne</surname><given-names>A. P.</given-names></name>
<name><surname>Kirby</surname><given-names>N.</given-names></name>
<name><surname>Pakarinen</surname><given-names>O. H.</given-names></name>
<name><surname>Djurabekova</surname><given-names>F.</given-names></name>
<name><surname>Nordlund</surname><given-names>K.</given-names></name>
<name><surname>Schleberger</surname><given-names>M.</given-names></name>
<name><surname>Osmani</surname><given-names>O.</given-names></name>
<name><surname>Medvedev</surname><given-names>N.</given-names></name>
<name><surname>Rethfeld</surname><given-names>B.</given-names></name>
<name><surname>Wesch</surname><given-names>W.</given-names></name>
<name><surname>Kluth</surname><given-names>P.</given-names></name>
</person-group>
<year>2013</year>
<source>Phys. Rev. Lett.</source>
<volume>110</volume>
<elocation-id content-type="artnum">245502</elocation-id>
</element-citation>
</ref>
<ref id="epl17021bib18">
<label>18</label>
<element-citation publication-type="journal">
<person-group person-group-type="author">
<name><surname>Afra</surname><given-names>B.</given-names></name>
<name><surname>Rodriguez</surname><given-names>M. D.</given-names></name>
<name><surname>Trautmann</surname><given-names>C.</given-names></name>
<name><surname>Pakarinen</surname><given-names>O. H.</given-names></name>
<name><surname>Djurabekova</surname><given-names>F.</given-names></name>
<name><surname>Nordlund</surname><given-names>K.</given-names></name>
<name><surname>Bierschenk</surname><given-names>T.</given-names></name>
<name><surname>Giulian</surname><given-names>R.</given-names></name>
<name><surname>Ridgway</surname><given-names>M. C.</given-names></name>
<name><surname>Rizza</surname><given-names>G.</given-names></name>
<name><surname>Kirby</surname><given-names>N.</given-names></name>
<name><surname>Toulemonde</surname><given-names>M.</given-names></name>
<name><surname>Kluth</surname><given-names>P.</given-names></name>
</person-group>
<year>2013</year>
<source>J. Phys.: Condens. Matter</source>
<volume>25</volume>
<elocation-id content-type="artnum">045006</elocation-id>
</element-citation>
</ref>
<ref id="epl17021bib19">
<label>19</label>
<element-citation publication-type="journal">
<person-group person-group-type="author">
<name><surname>Toulemonde</surname><given-names>M.</given-names></name>
<name><surname>Dufour</surname><given-names>C.</given-names></name>
<name><surname>Meftah</surname><given-names>A.</given-names></name>
<name><surname>Paumier</surname><given-names>E.</given-names></name>
</person-group>
<year>2000</year>
<source>Nucl. Instrum. Methods Phys. Res. B</source>
<volume>166&hyphen;167</volume>
<fpage>903</fpage>
</element-citation>
</ref>
<ref id="epl17021bib20">
<label>20</label>
<element-citation publication-type="journal">
<person-group person-group-type="author">
<name><surname>Seitz</surname><given-names>F.</given-names></name>
<name><surname>K&ouml;hler</surname><given-names>J.</given-names></name>
</person-group>
<year>1956</year>
<source>Solid State Phys.</source>
<volume>2</volume>
<fpage>305</fpage>
</element-citation>
</ref>
<ref id="epl17021bib21">
<label>21</label>
<element-citation publication-type="journal">
<person-group person-group-type="author">
<name><surname>Kaganov</surname><given-names>M.</given-names></name>
<name><surname>Lifshitz</surname><given-names>I.</given-names></name>
<name><surname>Tanatarov</surname><given-names>L.</given-names></name>
</person-group>
<year>1956</year>
<source>JETP</source>
<volume>173</volume>
<fpage>173</fpage>
</element-citation>
</ref>
<ref id="epl17021bib22">
<label>22</label>
<element-citation publication-type="journal">
<person-group person-group-type="author">
<name><surname>Fujimoto</surname><given-names>J. G.</given-names></name>
<name><surname>Liu</surname><given-names>J. M.</given-names></name>
<name><surname>Ippen</surname><given-names>E. P.</given-names></name>
<name><surname>Bloembergen</surname><given-names>N.</given-names></name>
</person-group>
<year>1984</year>
<source>Phys. Rev. Lett.</source>
<volume>53</volume>
<fpage>1837</fpage>
</element-citation>
</ref>
<ref id="epl17021bib23">
<label>23</label>
<element-citation publication-type="journal">
<person-group person-group-type="author">
<name><surname>Chettah</surname><given-names>A.</given-names></name>
<name><surname>Kucal</surname><given-names>H.</given-names></name>
<name><surname>Wang</surname><given-names>Z.</given-names></name>
<name><surname>Kac</surname><given-names>M.</given-names></name>
<name><surname>Meftah</surname><given-names>A.</given-names></name>
<name><surname>Toulemonde</surname><given-names>M.</given-names></name>
</person-group>
<year>2009</year>
<source>Nucl. Instrum. Methods Phys. Res. B</source>
<volume>267</volume>
<fpage>2719</fpage>
</element-citation>
</ref>
<ref id="epl17021bib24">
<label>24</label>
<element-citation publication-type="journal">
<person-group person-group-type="author">
<name><surname>Meftah</surname><given-names>A.</given-names></name>
<name><surname>Costantini</surname><given-names>J.</given-names></name>
<name><surname>Khalfaoui</surname><given-names>N.</given-names></name>
<name><surname>Boudjadar</surname><given-names>S.</given-names></name>
<name><surname>Stoquert</surname><given-names>J.</given-names></name>
<name><surname>Studer</surname><given-names>F.</given-names></name>
<name><surname>Toulemonde</surname><given-names>M.</given-names></name>
</person-group>
<year>2005</year>
<source>Nucl. Instrum. Methods Phys. Res. B</source>
<volume>237</volume>
<fpage>563</fpage>
</element-citation>
</ref>
<ref id="epl17021bib25">
<label>25</label>
<element-citation publication-type="journal">
<person-group person-group-type="author">
<name><surname>Ivanov</surname><given-names>D.</given-names></name>
<name><surname>Zhigilei</surname><given-names>L.</given-names></name>
</person-group>
<year>2003</year>
<source>Phys. Rev. B</source>
<volume>68</volume>
<elocation-id content-type="artnum">064114</elocation-id>
</element-citation>
</ref>
<ref id="epl17021bib26">
<label>26</label>
<element-citation publication-type="journal">
<person-group person-group-type="author">
<name><surname>Duffy</surname><given-names>D. M.</given-names></name>
<name><surname>Itoh</surname><given-names>N.</given-names></name>
<name><surname>Rutherford</surname><given-names>A. M.</given-names></name>
<name><surname>Stoneham</surname><given-names>A. M.</given-names></name>
</person-group>
<year>2008</year>
<source>J. Phys.: Condens. Matter</source>
<volume>20</volume>
<elocation-id content-type="artnum">082201</elocation-id>
</element-citation>
</ref>
<ref id="epl17021bib27">
<label>27</label>
<element-citation publication-type="journal">
<person-group person-group-type="author">
<name><surname>Munetoh</surname><given-names>S.</given-names></name>
<name><surname>Motooka</surname><given-names>T.</given-names></name>
<name><surname>Moriguchi</surname><given-names>K.</given-names></name>
<name><surname>Shintani</surname><given-names>A.</given-names></name>
</person-group>
<year>2007</year>
<source>Comput. Mater. Sci.</source>
<volume>39</volume>
<fpage>334</fpage>
</element-citation>
</ref>
<ref id="epl17021bib28">
<label>28</label>
<element-citation publication-type="journal">
<person-group person-group-type="author">
<name><surname>Morris</surname><given-names>J. R.</given-names></name>
<name><surname>Wang</surname><given-names>C. Z.</given-names></name>
<name><surname>Ho</surname><given-names>K. M.</given-names></name>
<name><surname>Chan</surname><given-names>C. T.</given-names></name>
</person-group>
<year>1994</year>
<source>Phys. Rev. B</source>
<volume>49</volume>
<fpage>3109</fpage>
</element-citation>
</ref>
<ref id="epl17021bib29">
<label>29</label>
<element-citation publication-type="book">
<person-group person-group-type="author">
<name><surname>Haynes</surname><given-names>W.</given-names></name>
</person-group>
<year>2014</year>
<source>CRC Handbook of Chemistry and Physics</source>
<edition>95th edition</edition> 
<publisher-name>Taylor &amp; Francis</publisher-name>
</element-citation>
</ref>
<ref id="epl17021bib30">
<label>30</label>
<element-citation publication-type="journal">
<person-group person-group-type="author">
<name><surname>Leino</surname><given-names>A. A.</given-names></name>
<name><surname>Pakarinen</surname><given-names>O. H.</given-names></name>
<name><surname>Djurabekova</surname><given-names>F.</given-names></name>
<name><surname>Nordlund</surname><given-names>K.</given-names></name>
<name><surname>Kluth</surname><given-names>P.</given-names></name>
<name><surname>Ridgway</surname><given-names>M. C.</given-names></name>
</person-group>
<year>2014</year>
<source>Mater. Res. Lett.</source>
<volume>2</volume>
<fpage>37</fpage>
</element-citation>
</ref>
<ref id="epl17021bib31">
<label>31</label>
<element-citation publication-type="journal">
<person-group person-group-type="author">
<name><surname>Lin</surname><given-names>Z.</given-names></name>
<name><surname>Zhigilei</surname><given-names>L.</given-names></name>
<name><surname>Celli</surname><given-names>V.</given-names></name>
</person-group>
<year>2008</year>
<source>Phys. Rev. B</source>
<volume>77</volume>
<elocation-id content-type="artnum">075133</elocation-id>
</element-citation>
</ref>
<ref id="epl17021bib32">
<label>32</label>
<element-citation publication-type="journal">
<person-group person-group-type="author">
<name><surname>Giret</surname><given-names>Y.</given-names></name>
<name><surname>Gell&eacute;</surname><given-names>A.</given-names></name>
<name><surname>Arnaud</surname><given-names>B.</given-names></name>
</person-group>
<year>2011</year>
<source>Phys. Rev. Lett.</source>
<volume>106</volume>
<elocation-id content-type="artnum">155503</elocation-id>
</element-citation>
</ref>
<ref id="epl17021bib33">
<label>33</label>
<element-citation publication-type="journal">
<person-group person-group-type="author">
<name><surname>Mermin</surname><given-names>N.</given-names></name>
</person-group>
<year>1965</year>
<source>Phys. Rev.</source>
<volume>137</volume>
<fpage>A1441</fpage>
</element-citation>
</ref>
<ref id="epl17021bib34">
<label>34</label>
<element-citation publication-type="journal">
<person-group person-group-type="author">
<name><surname>Hohenberg</surname><given-names>P.</given-names></name>
</person-group>
<year>1964</year>
<source>Phys. Rev.</source>
<volume>136</volume>
<fpage>B864</fpage>
</element-citation>
</ref>
<ref id="epl17021bib35">
<label>35</label>
<element-citation publication-type="journal">
<person-group person-group-type="author">
<name><surname>Kohn</surname><given-names>W.</given-names></name>
<name><surname>Sham</surname><given-names>L. J.</given-names></name>
</person-group>
<year>1965</year>
<source>Phys. Rev.</source>
<volume>140</volume>
<fpage>A1133</fpage>
</element-citation>
</ref>
<ref id="epl17021bib36">
<label>36</label>
<element-citation publication-type="journal">
<person-group person-group-type="author">
<name><surname>Giannozzi</surname><given-names>P.</given-names></name>
<name><surname>Baroni</surname><given-names>S.</given-names></name>
<name><surname>Bonini</surname><given-names>N.</given-names></name>
<name><surname>Calandra</surname><given-names>M.</given-names></name>
<name><surname>Car</surname><given-names>R.</given-names></name>
<name><surname>Cavazzoni</surname><given-names>C.</given-names></name>
<name><surname>Ceresoli</surname><given-names>D.</given-names></name>
<name><surname>Chiarotti</surname><given-names>G. L.</given-names></name>
<name><surname>Cococcioni</surname><given-names>M.</given-names></name>
<name><surname>Dabo</surname><given-names>I.</given-names></name>
<name><surname>Dal Corso</surname><given-names>A.</given-names></name>
<name><surname>de Gironcoli</surname><given-names>S.</given-names></name>
<name><surname>Fabris</surname><given-names>S.</given-names></name>
<name><surname>Fratesi</surname><given-names>G.</given-names></name>
<name><surname>Gebauer</surname><given-names>R.</given-names></name>
<name><surname>Gerstmann</surname><given-names>U.</given-names></name>
<name><surname>Gougoussis</surname><given-names>C.</given-names></name>
<name><surname>Kokalj</surname><given-names>A.</given-names></name>
<name><surname>Lazzeri</surname><given-names>M.</given-names></name>
<name><surname>Martin&hyphen;Samos</surname><given-names>L.</given-names></name>
<name><surname>Marzari</surname><given-names>N.</given-names></name>
<name><surname>Mauri</surname><given-names>F.</given-names></name>
<name><surname>Mazzarello</surname><given-names>R.</given-names></name>
<name><surname>Paolini</surname><given-names>S.</given-names></name>
<name><surname>Pasquarello</surname><given-names>A.</given-names></name>
<name><surname>Paulatto</surname><given-names>L.</given-names></name>
<name><surname>Sbraccia</surname><given-names>C.</given-names></name>
<name><surname>Scandolo</surname><given-names>S.</given-names></name>
<name><surname>Sclauzero</surname><given-names>G.</given-names></name>
<name><surname>Seitsonen</surname><given-names>A. P.</given-names></name>
<name><surname>Smogunov</surname><given-names>A.</given-names></name>
<name><surname>Umari</surname><given-names>P.</given-names></name>
<name><surname>Wentzcovitch</surname><given-names>R. M.</given-names></name>
</person-group>
<year>2009</year>
<source>J. Phys.: Condens. Matter</source>
<volume>21</volume>
<elocation-id content-type="artnum">395502</elocation-id>
</element-citation>
</ref>
<ref id="epl17021bib37">
<label>37</label>
<element-citation publication-type="journal">
<person-group person-group-type="author">
<name><surname>Ceperley</surname><given-names>D. M.</given-names></name>
</person-group>
<year>1980</year>
<source>Phys. Rev. Lett.</source>
<volume>45</volume>
<fpage>566</fpage>
</element-citation>
</ref>
<ref id="epl17021bib38">
<label>38</label>
<element-citation publication-type="journal">
<person-group person-group-type="author">
<name><surname>Mazevet</surname><given-names>S.</given-names></name>
<name><surname>Clrouin</surname><given-names>J.</given-names></name>
<name><surname>Recoules</surname><given-names>V.</given-names></name>
<name><surname>Anglade</surname><given-names>P.</given-names></name>
<name><surname>Zerah</surname><given-names>G.</given-names></name>
</person-group>
<year>2005</year>
<source>Phys. Rev. Lett.</source>
<volume>95</volume>
<elocation-id content-type="artnum">085002</elocation-id>
</element-citation>
</ref>
<ref id="epl17021bib39">
<label>39</label>
<element-citation publication-type="journal">
<person-group person-group-type="author">
<name><surname>Sevik</surname><given-names>C.</given-names></name>
<name><surname>Bulutay</surname><given-names>C.</given-names></name>
</person-group>
<year>2007</year>
<source>J. Mater. Sci.</source>
<volume>42</volume>
<fpage>6555</fpage>
</element-citation>
</ref>
<ref id="epl17021bib40">
<label>40</label>
<element-citation publication-type="journal">
<person-group person-group-type="author">
<name><surname>Laughlin</surname><given-names>R. B.</given-names></name>
</person-group>
<year>1980</year>
<source>Phys. Rev. B</source>
<volume>22</volume>
<fpage>3021</fpage>
</element-citation>
</ref>
<ref id="epl17021bib41">
<label>41</label>
<element-citation publication-type="journal">
<person-group person-group-type="author">
<name><surname>Arnaud</surname><given-names>B.</given-names></name>
<name><surname>Giret</surname><given-names>Y.</given-names></name>
</person-group>
<year>2013</year>
<source>Phys. Rev. Lett.</source>
<volume>110</volume>
<elocation-id content-type="artnum">016405</elocation-id>
</element-citation>
</ref>
<ref id="epl17021bib42">
<label>42</label>
<element-citation publication-type="journal">
<person-group person-group-type="author">
<name><surname>Johannsen</surname><given-names>J. C.</given-names></name>
<name><surname>Ulstrup</surname><given-names>S.</given-names></name>
<name><surname>Cilento</surname><given-names>F.</given-names></name>
<name><surname>Crepaldi</surname><given-names>A.</given-names></name>
<name><surname>Zacchigna</surname><given-names>M.</given-names></name>
<name><surname>Cacho</surname><given-names>C.</given-names></name>
<name><surname>Turcu</surname><given-names>I. C. E.</given-names></name>
<name><surname>Springate</surname><given-names>E.</given-names></name>
<name><surname>Fromm</surname><given-names>F.</given-names></name>
<name><surname>Raidel</surname><given-names>C.</given-names></name>
<name><surname>Seyller</surname><given-names>T.</given-names></name>
<name><surname>Parmigiani</surname><given-names>F.</given-names></name>
<name><surname>Grioni</surname><given-names>M.</given-names></name>
<name><surname>Hofmann</surname><given-names>P.</given-names></name>
</person-group>
<year>2013</year>
<source>Phys. Rev. Lett.</source>
<volume>111</volume>
<elocation-id content-type="artnum">027403</elocation-id>
</element-citation>
</ref>
<ref id="epl17021bib43">
<label>43</label>
<element-citation publication-type="journal">
<person-group person-group-type="author">
<name><surname>Brorson</surname><given-names>S. D.</given-names></name>
<name><surname>Kazeroonian</surname><given-names>A.</given-names></name>
<name><surname>Moodera</surname><given-names>J. S.</given-names></name>
<name><surname>Face</surname><given-names>D. W.</given-names></name>
<name><surname>Cheng</surname><given-names>T. K.</given-names></name>
<name><surname>Ippen</surname><given-names>E. P.</given-names></name>
<name><surname>Dresselhaus</surname><given-names>M. S.</given-names></name>
<name><surname>Dresselhaus</surname><given-names>G.</given-names></name>
</person-group>
<year>1990</year>
<source>Phys. Rev. Lett.</source>
<volume>64</volume>
<fpage>2172</fpage>
</element-citation>
</ref>
<ref id="epl17021bib44">
<label>44</label>
<element-citation publication-type="journal">
<person-group person-group-type="author">
<name><surname>Audebert</surname><given-names>P.</given-names></name>
<name><surname>Daguzan</surname><given-names>P.</given-names></name>
<name><surname>Dos Santos</surname><given-names>A.</given-names></name>
<name><surname>Gauthier</surname><given-names>J. C.</given-names></name>
<name><surname>Geindre</surname><given-names>J. P.</given-names></name>
<name><surname>Guizard</surname><given-names>S.</given-names></name>
<name><surname>Hamoniaux</surname><given-names>G.</given-names></name>
<name><surname>Krastev</surname><given-names>K.</given-names></name>
<name><surname>Martin</surname><given-names>P.</given-names></name>
<name><surname>Petite</surname><given-names>G.</given-names></name>
<name><surname>Antonetti</surname><given-names>A.</given-names></name>
</person-group>
<year>1994</year>
<source>Phys. Rev. Lett.</source>
<volume>73</volume>
<fpage>1990</fpage>
</element-citation>
</ref>
<ref id="epl17021bib45">
<label>45</label>
<element-citation publication-type="journal">
<person-group person-group-type="author">
<name><surname>Zhang</surname><given-names>C.</given-names></name>
<name><surname>Dunn</surname><given-names>D. E.</given-names></name>
<name><surname>Katz</surname><given-names>R.</given-names></name>
</person-group>
<year>1968</year>
<source>Phys. Rev.</source>
<volume>170</volume>
<fpage>391</fpage>
</element-citation>
</ref>
<ref id="epl17021bib46">
<label>46</label>
<element-citation publication-type="journal">
<person-group person-group-type="author">
<name><surname>Gervais</surname><given-names>B.</given-names></name>
<name><surname>Bouffard</surname><given-names>S.</given-names></name>
</person-group>
<year>1994</year>
<source>Nucl. Instrum. Methods Phys. Res. B</source>
<volume>88</volume>
<fpage>355</fpage>
</element-citation>
</ref>
<ref id="epl17021bib47">
<label>47</label>
<element-citation publication-type="journal">
<person-group person-group-type="author">
<name><surname>Hughes</surname><given-names>R. C.</given-names></name>
</person-group>
<year>1973</year>
<source>Phys. Rev. Lett.</source>
<volume>30</volume>
<fpage>1333</fpage>
</element-citation>
</ref>
<ref id="epl17021bib48">
<label>48</label>
<element-citation publication-type="journal">
<person-group person-group-type="author">
<name><surname>Kobetich</surname><given-names>E. J.</given-names></name>
<name><surname>Katz</surname><given-names>R.</given-names></name>
</person-group>
<year>1968</year>
<source>Phys. Rev.</source>
<volume>170</volume>
<fpage>391</fpage>
</element-citation>
</ref>
<ref id="epl17021bib49">
<label>49</label>
<element-citation publication-type="webpage">
<person-group person-group-type="author">
<name><surname>Ziegler</surname><given-names>J. F.</given-names></name>
</person-group>
<year>2008</year>
<comment>SRIM&hyphen;2008.04 software package, available online at <ext-link ext-link-type="uri" xmlns:xlink="http://www.w3.org/1999/xlink" xlink:href="http://www.srim.org">http://www.srim.org</ext-link></comment>
</element-citation>
</ref>
<ref id="epl17021bib50">
<label>50</label>
<element-citation publication-type="journal">
<person-group person-group-type="author">
<name><surname>Toulemonde</surname><given-names>M.</given-names></name>
<name><surname>Costantini</surname><given-names>J.</given-names></name>
<name><surname>Dufour</surname><given-names>C.</given-names></name>
<name><surname>Meftah</surname><given-names>A.</given-names></name>
<name><surname>Paumier</surname><given-names>E.</given-names></name>
<name><surname>Studer</surname><given-names>F.</given-names></name>
</person-group>
<year>1996</year>
<source>Nucl. Instrum. Methods Phys. Res. B</source>
<volume>116</volume>
<fpage>37</fpage>
</element-citation>
</ref>
<ref id="epl17021bib51">
<label>51</label>
<element-citation publication-type="journal">
<person-group person-group-type="author">
<name><surname>Leino</surname><given-names>A. A.</given-names></name>
<name><surname>Daraszewicz</surname><given-names>S. L.</given-names></name>
<name><surname>Pakarinen</surname><given-names>O. H.</given-names></name>
<name><surname>Djurabekova</surname><given-names>F.</given-names></name>
<name><surname>Nordlund</surname><given-names>K.</given-names></name>
<name><surname>Afra</surname><given-names>B.</given-names></name>
<name><surname>Kluth</surname><given-names>P.</given-names></name>
</person-group>
<year>2013</year>
<source>Nucl. Instrum. Methods Phys. Res. B</source>
<volume>326</volume>
<fpage>289</fpage>
</element-citation>
</ref>
<ref id="epl17021bib52">
<label>52</label>
<element-citation publication-type="journal">
<person-group person-group-type="author">
<name><surname>Tombrello</surname><given-names>T.</given-names></name>
</person-group>
<year>1984</year>
<source>Nucl. Instrum. Methods Phys. Res. B</source>
<volume>2</volume>
<fpage>555</fpage>
</element-citation>
</ref>
<ref id="epl17021bib53">
<label>53</label>
<element-citation publication-type="journal">
<person-group person-group-type="author">
<name><surname>Bianconi</surname><given-names>M.</given-names></name>
<name><surname>Albertazzi</surname><given-names>E.</given-names></name>
<name><surname>Balboni</surname><given-names>S.</given-names></name>
<name><surname>Colombo</surname><given-names>L.</given-names></name>
<name><surname>Lulli</surname><given-names>G.</given-names></name>
<name><surname>Satta</surname><given-names>A.</given-names></name>
</person-group>
<year>2005</year>
<source>Nucl. Instrum. Methods Phys. Res. B</source>
<volume>230</volume>
<fpage>185</fpage>
</element-citation>
</ref>
</ref-list>
</back>
</article>